{
  "data": [
    {
      "owner": "96285abb-d540-3940-935f-6ca4243f5b43",
      "firstGrave": {
        "dimension": {
          "field_13353": "minecraft",
          "field_13355": "the_nether"
        },
        "posX": -216,
        "posY": 56,
        "posZ": 54
      },
      "secondGrave": {
        "dimension": {
          "field_13353": "minecraft",
          "field_13355": "overworld"
        },
        "posX": 0,
        "posY": 0,
        "posZ": 0
      },
      "thirdGrave": {
        "dimension": {
          "field_13353": "minecraft",
          "field_13355": "overworld"
        },
        "posX": 0,
        "posY": 0,
        "posZ": 0
      }
    }
  ]
}