{
  "data": [
    {
      "owner": "e76cf843-0c49-3e0b-b3a8-7a2b0ff100a3",
      "firstGrave": {
        "dimension": {
          "field_13353": "minecraft",
          "field_13355": "overworld"
        },
        "posX": 10,
        "posY": 63,
        "posZ": 113
      },
      "secondGrave": {
        "dimension": {
          "field_13353": "minecraft",
          "field_13355": "overworld"
        },
        "posX": 5,
        "posY": 63,
        "posZ": 114
      },
      "thirdGrave": {
        "dimension": {
          "field_13353": "minecraft",
          "field_13355": "overworld"
        },
        "posX": -3,
        "posY": 63,
        "posZ": 108
      }
    },
    {
      "owner": "cf0c9339-6c67-3ee2-bd5c-25c248618a15",
      "firstGrave": {
        "dimension": {
          "field_13353": "minecraft",
          "field_13355": "overworld"
        },
        "posX": 288,
        "posY": 64,
        "posZ": -1189
      },
      "secondGrave": {
        "dimension": {
          "field_13353": "minecraft",
          "field_13355": "overworld"
        },
        "posX": 160,
        "posY": 61,
        "posZ": 328
      },
      "thirdGrave": {
        "dimension": {
          "field_13353": "minecraft",
          "field_13355": "overworld"
        },
        "posX": 135,
        "posY": 69,
        "posZ": 165
      }
    },
    {
      "owner": "96285abb-d540-3940-935f-6ca4243f5b43",
      "firstGrave": {
        "dimension": {
          "field_13353": "minecraft",
          "field_13355": "overworld"
        },
        "posX": -1281,
        "posY": 70,
        "posZ": -1428
      },
      "secondGrave": {
        "dimension": {
          "field_13353": "minecraft",
          "field_13355": "overworld"
        },
        "posX": -1230,
        "posY": 63,
        "posZ": -1403
      },
      "thirdGrave": {
        "dimension": {
          "field_13353": "minecraft",
          "field_13355": "overworld"
        },
        "posX": -1254,
        "posY": 68,
        "posZ": -1404
      }
    }
  ]
}