{
  "data": [
    {
      "owner": "cf0c9339-6c67-3ee2-bd5c-25c248618a15",
      "firstGrave": {
        "dimension": {
          "field_13353": "minecraft",
          "field_13355": "overworld"
        },
        "posX": 135,
        "posY": 69,
        "posZ": 165
      },
      "secondGrave": {
        "dimension": {
          "field_13353": "minecraft",
          "field_13355": "overworld"
        },
        "posX": 127,
        "posY": 72,
        "posZ": 160
      },
      "thirdGrave": {
        "dimension": {
          "field_13353": "minecraft",
          "field_13355": "overworld"
        },
        "posX": 120,
        "posY": 73,
        "posZ": 156
      }
    },
    {
      "owner": "96285abb-d540-3940-935f-6ca4243f5b43",
      "firstGrave": {
        "dimension": {
          "field_13353": "minecraft",
          "field_13355": "overworld"
        },
        "posX": -1254,
        "posY": 68,
        "posZ": -1404
      },
      "secondGrave": {
        "dimension": {
          "field_13353": "minecraft",
          "field_13355": "overworld"
        },
        "posX": -33,
        "posY": 69,
        "posZ": 23
      },
      "thirdGrave": {
        "dimension": {
          "field_13353": "minecraft",
          "field_13355": "overworld"
        },
        "posX": 0,
        "posY": 0,
        "posZ": 0
      }
    }
  ]
}