{"stats":{"minecraft:picked_up":{"minecraft:wheat":44,"minecraft:andesite":1,"minecraft:dark_oak_boat":1,"minecraft:potato":1,"mcwbridges:iron_bridge":1,"minecraft:dirt":5,"minecraft:lapis_lazuli":180,"minecraft:string":2,"minecraft:red_bed":1,"minecraft:stone_stairs":2,"minecraft:raw_copper":155,"minecraft:bone":16,"minecraft:apple":3,"minecraft:bow":1,"minecraft:wheat_seeds":106,"minecraft:cobbled_deepslate":28,"minecraft:raw_gold":35,"armourers_workshop:skin-library-global":1,"minecraft:sugar_cane":28,"minecraft:dark_oak_sapling":12,"minecraft:stick":8,"minecraft:raw_iron":149,"minecraft:sandstone":3,"minecraft:torch":13,"minecraft:sand":60,"minecraft:porkchop":45,"minecraft:spruce_log":2,"minecraft:redstone":78,"minecraft:dark_oak_log":194,"minecraft:rabbit_foot":1,"minecraft:mossy_cobblestone":5,"minecraft:arrow":14,"minecraft:rotten_flesh":18,"minecraft:diamond":10,"minecraft:carved_pumpkin":2,"minecraft:mutton":9,"minecraft:coal":213,"minecraft:white_wool":5,"minecraft:cobblestone":102},"minecraft:broken":{"minecraft:shield":1,"minecraft:stone_axe":1,"minecraft:iron_pickaxe":2},"minecraft:custom":{"minecraft:interact_with_furnace":31,"minecraft:mob_kills":59,"minecraft:interact_with_crafting_table":23,"minecraft:bell_ring":1,"minecraft:leave_game":7,"minecraft:time_since_death":220691,"minecraft:sleep_in_bed":4,"minecraft:climb_one_cm":9158,"minecraft:time_since_rest":25458,"minecraft:sprint_one_cm":244034,"minecraft:damage_taken":1998,"minecraft:walk_one_cm":409016,"minecraft:damage_blocked_by_shield":5731,"minecraft:drop":4,"minecraft:damage_dealt":8216,"minecraft:swim_one_cm":35750,"minecraft:talked_to_villager":2,"minecraft:fly_one_cm":465361,"minecraft:open_chest":32,"minecraft:crouch_one_cm":22157,"minecraft:play_time":221252,"minecraft:sneak_time":9876,"minecraft:walk_under_water_one_cm":6440,"minecraft:boat_one_cm":689,"minecraft:jump":2211,"minecraft:walk_on_water_one_cm":19473,"minecraft:total_world_time":221252,"minecraft:fall_one_cm":53290},"minecraft:dropped":{"minecraft:diamond":1,"minecraft:rotten_flesh":3,"minecraft:filled_map":1,"minecraft:dark_oak_log":60},"minecraft:killed":{"minecraft:pig":23,"minecraft:spider":1,"minecraft:sheep":5,"minecraft:skeleton":9,"minecraft:zombie":18,"minecraft:enderman":1},"minecraft:crafted":{"minecraft:stone_shovel":1,"minecraft:cooked_porkchop":47,"minecraft:dark_oak_boat":1,"minecraft:crafting_table":5,"minecraft:spruce_planks":4,"minecraft:iron_helmet":1,"minecraft:iron_sword":1,"minecraft:furnace":2,"minecraft:bucket":1,"minecraft:stone_axe":2,"minecraft:bread":14,"minecraft:air":0,"minecraft:iron_boots":1,"minecraft:iron_chestplate":1,"minecraft:diamond_pickaxe":1,"minecraft:shield":2,"minecraft:iron_axe":1,"minecraft:stick":48,"minecraft:iron_ingot":34,"minecraft:iron_pickaxe":2,"minecraft:iron_shovel":1,"minecraft:iron_leggings":1,"minecraft:dark_oak_planks":68,"minecraft:torch":140},"minecraft:used":{"minecraft:water_bucket":1,"mcwbridges:iron_bridge":1,"minecraft:iron_shovel":40,"minecraft:axolotl_spawn_egg":1,"minecraft:shield":104,"minecraft:iron_sword":149,"biomesoplenty:white_sand":1,"minecraft:bell":1,"minecraft:rotten_flesh":9,"minecraft:iron_chestplate":1,"minecraft:torch":158,"minecraft:mossy_cobblestone":5,"minecraft:dirt":1,"minecraft:crafting_table":5,"minecraft:axolotl_bucket":2,"armourers_workshop:skinning-table":2,"minecraft:diamond_pickaxe":35,"minecraft:apple":11,"armourers_workshop:skin-library-global":2,"armourers_workshop:armourer":1,"minecraft:iron_axe":28,"minecraft:bread":27,"minecraft:iron_pickaxe":683,"minecraft:iron_helmet":1,"armourers_workshop:hologram-projector":1,"minecraft:iron_boots":1,"minecraft:stone_axe":134,"minecraft:cobblestone":82,"minecraft:bow":3,"minecraft:dark_oak_boat":1,"minecraft:furnace":2,"minecraft:cooked_porkchop":2,"armourers_workshop:skin-library-creative":1,"minecraft:andesite":1,"minecraft:bucket":4,"minecraft:cobbled_deepslate":2,"minecraft:iron_leggings":1},"minecraft:mined":{"minecraft:deepslate_redstone_ore":16,"minecraft:diamond_ore":1,"minecraft:red_bed":1,"minecraft:mossy_cobblestone":5,"minecraft:deepslate_diamond_ore":8,"biomesoplenty:glowworm_silk":1,"minecraft:dark_oak_log":134,"minecraft:torch":10,"minecraft:carved_pumpkin":2,"minecraft:short_grass":7,"minecraft:grass_block":2,"biomesoplenty:high_grass_plant":30,"minecraft:tall_grass":2,"minecraft:copper_ore":44,"minecraft:cobblestone":11,"minecraft:lapis_ore":3,"armourers_workshop:skin-library-global":1,"minecraft:deepslate_gold_ore":34,"minecraft:sugar_cane":10,"minecraft:sandstone":3,"minecraft:wall_torch":3,"minecraft:stone_stairs":2,"minecraft:redstone_ore":2,"minecraft:iron_ore":96,"biomesoplenty:glowworm_silk_strand":1,"biomesoplenty:red_maple_leaf_pile":1,"minecraft:wheat":44,"minecraft:spruce_log":2,"minecraft:andesite":1,"minecraft:deepslate_lapis_ore":25,"mcwbridges:iron_bridge":1,"minecraft:coal_ore":214,"biomesoplenty:high_grass":26,"minecraft:deepslate_iron_ore":53,"minecraft:vine":16,"minecraft:dirt":2,"minecraft:sand":56,"minecraft:stone":91,"minecraft:gold_ore":1,"minecraft:oak_leaves":4,"minecraft:deepslate":27}},"DataVersion":3953}