{"stats":{"minecraft:picked_up":{"minecraft:nautilus_shell":3,"minecraft:magma_block":2,"minecraft:crafting_table":1,"minecraft:wheat":2,"minecraft:magma_cream":4,"minecraft:anvil":1,"minecraft:water_bucket":1,"minecraft:ochre_froglight":1,"minecraft:gold_block":105,"minecraft:potion":1,"minecraft:flint":4,"minecraft:tuff":1,"minecraft:yellow_glazed_terracotta":2,"minecraft:brewing_stand":2,"minecraft:shield":1,"minecraft:dirt":3,"minecraft:red_bed":1,"minecraft:raw_copper":56,"minecraft:netherite_scrap":1,"minecraft:mangrove_boat":1,"minecraft:bone":20,"minecraft:spruce_planks":4,"minecraft:spruce_wood":1,"minecraft:music_disc_otherside":1,"minecraft:iron_ingot":113,"minecraft:cobweb":6,"minecraft:mangrove_planks":32,"minecraft:sugar_cane":25,"minecraft:chest":1,"minecraft:mangrove_log":9,"minecraft:stick":10,"minecraft:sandstone":3,"minecraft:dark_oak_slab":1,"minecraft:cooked_porkchop":22,"minecraft:raw_gold_block":3,"minecraft:torch":19,"minecraft:fire_charge":16,"minecraft:spruce_sapling":8,"minecraft:spruce_log":41,"minecraft:dark_oak_log":53,"minecraft:quartz_block":50,"minecraft:dispenser":1,"minecraft:arrow":41,"minecraft:rotten_flesh":1,"minecraft:slime_ball":6,"minecraft:diamond":11,"minecraft:nether_bricks":24,"minecraft:iron_helmet":1,"minecraft:saddle":1,"minecraft:gold_ingot":43,"minecraft:lodestone":1,"minecraft:coal":50,"minecraft:snowball":11,"minecraft:diamond_pickaxe":1},"minecraft:custom":{"minecraft:mob_kills":1,"minecraft:animals_bred":1,"minecraft:interact_with_crafting_table":2,"minecraft:open_barrel":1,"minecraft:open_shulker_box":4,"minecraft:leave_game":3,"minecraft:time_since_death":649,"minecraft:climb_one_cm":1995,"minecraft:time_since_rest":688,"minecraft:sprint_one_cm":189421,"minecraft:damage_taken":1090,"minecraft:walk_one_cm":101649,"minecraft:drop":20,"minecraft:minecart_one_cm":440,"minecraft:damage_dealt":206,"minecraft:swim_one_cm":50711,"minecraft:fly_one_cm":242588,"minecraft:open_chest":26,"minecraft:crouch_one_cm":6058,"minecraft:play_time":88106,"minecraft:deaths":2,"minecraft:sneak_time":3784,"minecraft:walk_under_water_one_cm":12941,"minecraft:boat_one_cm":65523,"minecraft:jump":823,"minecraft:interact_with_blast_furnace":1,"minecraft:walk_on_water_one_cm":16135,"minecraft:total_world_time":88106,"minecraft:inspect_dispenser":1,"minecraft:fall_one_cm":9665,"minecraft:gravestones_collected":2},"minecraft:killed":{"minecraft:zombie":1},"minecraft:dropped":{"minecraft:bowl":1,"minecraft:rotten_flesh":4,"minecraft:gold_block":14,"minecraft:dirt":1,"minecraft:mangrove_boat":1,"minecraft:yellow_glazed_terracotta":2},"minecraft:killed_by":{"minecraft:creeper":1,"minecraft:zombie":1},"minecraft:crafted":{"minecraft:crafting_table":2,"minecraft:spruce_planks":164,"minecraft:mangrove_boat":1,"minecraft:mangrove_planks":44,"minecraft:iron_axe":1,"minecraft:stick":8},"minecraft:mined":{"minecraft:spruce_planks":5,"minecraft:brewing_stand":2,"minecraft:short_grass":1,"minecraft:grass_block":1,"minecraft:sugar_cane":5,"minecraft:dark_oak_slab":1,"minecraft:raw_gold_block":3,"minecraft:warped_planks":1,"minecraft:fire":1,"minecraft:spruce_log":41,"minecraft:mangrove_planks":34,"minecraft:anvil":1,"minecraft:yellow_glazed_terracotta":2,"minecraft:gold_block":105,"minecraft:ochre_froglight":1,"minecraft:mangrove_log":9,"minecraft:spruce_wood":1,"minecraft:jungle_trapdoor":1},"minecraft:used":{"minecraft:baked_potato":1,"minecraft:mangrove_planks":37,"minecraft:chest":7,"minecraft:spruce_planks":164,"minecraft:dirt":24,"minecraft:crafting_table":3,"minecraft:shulker_box":3,"minecraft:ochre_froglight":1,"minecraft:spruce_wood":1,"minecraft:iron_axe":96,"minecraft:suspicious_stew":1,"minecraft:bread":14,"minecraft:iron_pickaxe":114,"minecraft:dark_oak_slab":1,"minecraft:oak_chest_boat":1,"minecraft:mangrove_boat":1}},"DataVersion":3953}