{"stats":{"minecraft:picked_up":{"minecraft:dark_oak_sapling":12,"minecraft:stick":8,"minecraft:raw_iron":19,"minecraft:wheat":12,"minecraft:andesite":1,"mcwbridges:iron_bridge":1,"minecraft:mossy_cobblestone":2,"minecraft:dark_oak_log":134,"minecraft:lapis_lazuli":14,"minecraft:dirt":1,"minecraft:red_bed":1,"minecraft:stone_stairs":2,"minecraft:raw_copper":116,"minecraft:apple":3,"minecraft:diamond":2,"minecraft:wheat_seeds":23,"armourers_workshop:skin-library-global":1,"minecraft:carved_pumpkin":2,"minecraft:coal":58,"minecraft:cobblestone":44},"minecraft:used":{"armourers_workshop:skinning-table":2,"mcwbridges:iron_bridge":1,"armourers_workshop:armourer":1,"minecraft:bread":5,"armourers_workshop:skin-library-global":2,"minecraft:iron_pickaxe":183,"minecraft:shield":1,"armourers_workshop:hologram-projector":1,"biomesoplenty:white_sand":1,"minecraft:bell":1,"minecraft:iron_chestplate":1,"minecraft:stone_axe":134,"minecraft:torch":11,"minecraft:dirt":1,"minecraft:cobblestone":24,"minecraft:crafting_table":2,"minecraft:furnace":1,"armourers_workshop:skin-library-creative":1},"minecraft:mined":{"minecraft:stone_stairs":2,"minecraft:diamond_ore":1,"minecraft:red_bed":1,"minecraft:mossy_cobblestone":2,"minecraft:iron_ore":23,"minecraft:wheat":12,"minecraft:dark_oak_log":134,"minecraft:andesite":1,"minecraft:carved_pumpkin":2,"mcwbridges:iron_bridge":1,"minecraft:grass_block":1,"minecraft:coal_ore":58,"minecraft:vine":15,"minecraft:cobblestone":3,"minecraft:copper_ore":34,"minecraft:tall_grass":1,"armourers_workshop:skin-library-global":1,"minecraft:lapis_ore":3,"minecraft:stone":42,"minecraft:oak_leaves":4},"minecraft:custom":{"minecraft:time_since_rest":53633,"minecraft:interact_with_furnace":7,"minecraft:sprint_one_cm":38716,"minecraft:walk_one_cm":88858,"minecraft:damage_taken":240,"minecraft:damage_blocked_by_shield":303,"minecraft:mob_kills":1,"minecraft:drop":1,"minecraft:damage_dealt":10,"minecraft:interact_with_crafting_table":8,"minecraft:fly_one_cm":74892,"minecraft:open_chest":4,"minecraft:crouch_one_cm":2082,"minecraft:play_time":80903,"minecraft:sneak_time":1310,"minecraft:bell_ring":1,"minecraft:jump":288,"minecraft:walk_on_water_one_cm":3377,"minecraft:leave_game":4,"minecraft:time_since_death":80903,"minecraft:sleep_in_bed":1,"minecraft:climb_one_cm":8491,"minecraft:total_world_time":80903,"minecraft:fall_one_cm":6798},"minecraft:dropped":{"minecraft:diamond":1},"minecraft:crafted":{"minecraft:stone_shovel":1,"minecraft:iron_chestplate":1,"minecraft:shield":1,"minecraft:crafting_table":2,"minecraft:iron_ingot":8,"minecraft:stick":4,"minecraft:furnace":1,"minecraft:torch":20,"minecraft:dark_oak_planks":28,"minecraft:stone_axe":2,"minecraft:air":0},"minecraft:broken":{"minecraft:stone_axe":1}},"DataVersion":3953}