{"stats":{"minecraft:picked_up":{"minecraft:stick":1,"minecraft:raw_iron":8,"minecraft:andesite":1,"mcwbridges:iron_bridge":1,"minecraft:lapis_lazuli":14,"minecraft:red_bed":1,"minecraft:stone_stairs":2,"minecraft:diamond":2,"armourers_workshop:skin-library-global":1,"minecraft:coal":12,"minecraft:cobblestone":7},"minecraft:used":{"armourers_workshop:skinning-table":2,"mcwbridges:iron_bridge":1,"armourers_workshop:armourer":1,"minecraft:bread":2,"armourers_workshop:skin-library-global":2,"minecraft:iron_pickaxe":49,"armourers_workshop:hologram-projector":1,"biomesoplenty:white_sand":1,"minecraft:bell":1,"minecraft:cobblestone":9,"armourers_workshop:skin-library-creative":1},"minecraft:mined":{"minecraft:stone_stairs":2,"minecraft:diamond_ore":1,"minecraft:red_bed":1,"minecraft:iron_ore":8,"minecraft:andesite":1,"mcwbridges:iron_bridge":1,"minecraft:coal_ore":12,"minecraft:vine":15,"minecraft:tall_grass":1,"armourers_workshop:skin-library-global":1,"minecraft:lapis_ore":3,"minecraft:stone":8,"minecraft:oak_leaves":4},"minecraft:custom":{"minecraft:time_since_rest":29633,"minecraft:sprint_one_cm":21112,"minecraft:walk_one_cm":45770,"minecraft:damage_taken":200,"minecraft:mob_kills":1,"minecraft:drop":1,"minecraft:damage_dealt":10,"minecraft:interact_with_crafting_table":1,"minecraft:fly_one_cm":64577,"minecraft:open_chest":3,"minecraft:crouch_one_cm":2033,"minecraft:play_time":56903,"minecraft:sneak_time":1258,"minecraft:bell_ring":1,"minecraft:jump":161,"minecraft:leave_game":4,"minecraft:time_since_death":56903,"minecraft:sleep_in_bed":1,"minecraft:climb_one_cm":8491,"minecraft:total_world_time":56903,"minecraft:fall_one_cm":4516},"minecraft:dropped":{"minecraft:diamond":1}},"DataVersion":3953}