{"stats":{"minecraft:picked_up":{"minecraft:nautilus_shell":3,"minecraft:crafting_table":1,"minecraft:magma_block":2,"minecraft:wheat":2,"minecraft:magma_cream":4,"minecraft:anvil":1,"minecraft:water_bucket":1,"minecraft:ochre_froglight":1,"minecraft:gold_block":105,"minecraft:potion":1,"minecraft:flint":4,"minecraft:tuff":1,"minecraft:yellow_glazed_terracotta":2,"minecraft:brewing_stand":2,"minecraft:shield":1,"minecraft:dirt":3,"minecraft:red_bed":1,"minecraft:raw_copper":56,"minecraft:netherite_scrap":1,"minecraft:item_frame":2,"minecraft:mangrove_boat":1,"minecraft:bone":24,"minecraft:spruce_planks":4,"minecraft:spruce_wood":1,"minecraft:music_disc_otherside":1,"minecraft:iron_ingot":115,"minecraft:cobweb":6,"minecraft:mangrove_planks":32,"minecraft:sugar_cane":25,"minecraft:chest":1,"minecraft:mangrove_log":9,"minecraft:stick":10,"minecraft:sandstone":3,"minecraft:dark_oak_slab":1,"minecraft:raw_gold_block":3,"minecraft:cooked_porkchop":22,"minecraft:oak_door":2,"minecraft:big_dripleaf":5,"minecraft:torch":19,"minecraft:fire_charge":16,"minecraft:spruce_sapling":8,"minecraft:spruce_log":41,"minecraft:dark_oak_log":53,"minecraft:quartz_block":50,"minecraft:arrow":46,"minecraft:dispenser":1,"minecraft:rotten_flesh":4,"minecraft:slime_ball":6,"minecraft:diamond":11,"minecraft:nether_bricks":24,"minecraft:iron_helmet":1,"minecraft:saddle":1,"minecraft:gold_ingot":43,"minecraft:lodestone":1,"minecraft:coal":50,"minecraft:snowball":11,"minecraft:diamond_pickaxe":1},"minecraft:killed_by":{"minecraft:creeper":1,"minecraft:zombie":2},"minecraft:custom":{"minecraft:mob_kills":3,"minecraft:animals_bred":1,"minecraft:interact_with_crafting_table":2,"minecraft:open_barrel":1,"minecraft:open_shulker_box":4,"minecraft:leave_game":3,"minecraft:time_since_death":53511,"minecraft:climb_one_cm":2456,"minecraft:time_since_rest":53623,"minecraft:sprint_one_cm":192857,"minecraft:damage_taken":1330,"minecraft:walk_one_cm":126773,"minecraft:drop":34,"minecraft:minecart_one_cm":440,"minecraft:damage_dealt":606,"minecraft:swim_one_cm":50711,"minecraft:fly_one_cm":295286,"minecraft:open_chest":35,"minecraft:crouch_one_cm":6955,"minecraft:play_time":141882,"minecraft:sneak_time":4833,"minecraft:deaths":3,"minecraft:walk_under_water_one_cm":17970,"minecraft:boat_one_cm":65523,"minecraft:jump":888,"minecraft:interact_with_blast_furnace":1,"minecraft:walk_on_water_one_cm":18645,"minecraft:total_world_time":141882,"minecraft:inspect_dispenser":1,"minecraft:fall_one_cm":10340,"minecraft:gravestones_collected":3},"minecraft:mined":{"minecraft:spruce_planks":5,"minecraft:brewing_stand":2,"minecraft:short_grass":1,"minecraft:grass_block":1,"minecraft:sugar_cane":5,"minecraft:dark_oak_slab":1,"minecraft:warped_planks":1,"minecraft:raw_gold_block":3,"minecraft:fire":1,"minecraft:spruce_log":41,"minecraft:mangrove_planks":34,"minecraft:anvil":1,"minecraft:yellow_glazed_terracotta":2,"minecraft:gold_block":105,"minecraft:ochre_froglight":1,"minecraft:mangrove_log":9,"minecraft:spruce_wood":1,"minecraft:jungle_trapdoor":1},"minecraft:crafted":{"minecraft:crafting_table":2,"minecraft:spruce_planks":164,"minecraft:mangrove_boat":1,"minecraft:mangrove_planks":44,"minecraft:iron_axe":1,"minecraft:stick":8},"minecraft:dropped":{"minecraft:iron_ingot":20,"minecraft:bread":31,"minecraft:baked_potato":22,"minecraft:diamond":7,"minecraft:bowl":1,"minecraft:rotten_flesh":5,"minecraft:gold_block":14,"minecraft:big_dripleaf":2,"minecraft:dirt":1,"minecraft:shield":1,"minecraft:yellow_glazed_terracotta":2,"minecraft:mangrove_boat":1,"minecraft:cooked_salmon":20,"minecraft:axolotl_bucket":1,"minecraft:iron_axe":1,"minecraft:iron_pickaxe":1,"minecraft:nautilus_shell":1,"minecraft:bucket":2},"minecraft:used":{"minecraft:baked_potato":1,"minecraft:mangrove_planks":37,"minecraft:chest":7,"minecraft:spruce_planks":164,"travelersbackpack:iron_golem":1,"minecraft:clay":9,"minecraft:oak_door":2,"minecraft:dirt":24,"minecraft:crafting_table":3,"minecraft:shulker_box":3,"minecraft:ochre_froglight":1,"minecraft:spruce_wood":1,"minecraft:bread":14,"minecraft:iron_axe":102,"minecraft:suspicious_stew":1,"minecraft:iron_pickaxe":114,"minecraft:iron_helmet":1,"minecraft:dark_oak_slab":1,"minecraft:iron_boots":1,"minecraft:item_frame":3,"minecraft:oak_chest_boat":1,"minecraft:chainmail_leggings":1,"minecraft:mangrove_boat":1},"minecraft:killed":{"minecraft:skeleton":2,"minecraft:zombie":1}},"DataVersion":3953}