{"stats":{"minecraft:used":{"mcwbridges:iron_bridge":1,"minecraft:shield":9,"minecraft:iron_sword":7,"biomesoplenty:white_sand":1,"minecraft:bell":1,"minecraft:iron_chestplate":1,"minecraft:torch":38,"minecraft:mossy_cobblestone":5,"minecraft:dirt":1,"minecraft:crafting_table":2,"armourers_workshop:skinning-table":2,"armourers_workshop:armourer":1,"minecraft:bread":10,"armourers_workshop:skin-library-global":2,"minecraft:iron_pickaxe":380,"minecraft:iron_helmet":1,"minecraft:iron_boots":1,"armourers_workshop:hologram-projector":1,"minecraft:stone_axe":134,"minecraft:cobblestone":32,"minecraft:furnace":1,"armourers_workshop:skin-library-creative":1,"minecraft:iron_leggings":1},"minecraft:picked_up":{"minecraft:wheat":12,"minecraft:andesite":1,"mcwbridges:iron_bridge":1,"minecraft:string":2,"minecraft:lapis_lazuli":14,"minecraft:dirt":1,"minecraft:red_bed":1,"minecraft:stone_stairs":2,"minecraft:raw_copper":155,"minecraft:apple":3,"minecraft:wheat_seeds":23,"armourers_workshop:skin-library-global":1,"minecraft:sugar_cane":20,"minecraft:dark_oak_sapling":12,"minecraft:raw_iron":68,"minecraft:stick":8,"minecraft:dark_oak_log":134,"minecraft:mossy_cobblestone":5,"minecraft:diamond":2,"minecraft:carved_pumpkin":2,"minecraft:coal":163,"minecraft:cobblestone":74},"minecraft:crafted":{"minecraft:stone_shovel":1,"minecraft:crafting_table":2,"minecraft:iron_helmet":1,"minecraft:iron_sword":1,"minecraft:furnace":1,"minecraft:stone_axe":2,"minecraft:air":0,"minecraft:iron_boots":1,"minecraft:iron_chestplate":1,"minecraft:shield":1,"minecraft:iron_axe":1,"minecraft:stick":20,"minecraft:iron_ingot":34,"minecraft:iron_pickaxe":1,"minecraft:iron_shovel":1,"minecraft:iron_leggings":1,"minecraft:dark_oak_planks":32,"minecraft:torch":52},"minecraft:killed":{"minecraft:spider":1,"minecraft:zombie":1},"minecraft:mined":{"minecraft:diamond_ore":1,"minecraft:red_bed":1,"minecraft:mossy_cobblestone":5,"biomesoplenty:glowworm_silk":1,"minecraft:dark_oak_log":134,"minecraft:carved_pumpkin":2,"minecraft:grass_block":1,"minecraft:tall_grass":1,"minecraft:copper_ore":44,"minecraft:cobblestone":6,"armourers_workshop:skin-library-global":1,"minecraft:lapis_ore":3,"minecraft:sugar_cane":7,"minecraft:stone_stairs":2,"biomesoplenty:glowworm_silk_strand":1,"minecraft:iron_ore":68,"minecraft:wheat":12,"minecraft:andesite":1,"mcwbridges:iron_bridge":1,"minecraft:coal_ore":163,"minecraft:vine":16,"minecraft:stone":70,"minecraft:oak_leaves":4},"minecraft:broken":{"minecraft:stone_axe":1,"minecraft:iron_pickaxe":1},"minecraft:dropped":{"minecraft:diamond":1},"minecraft:custom":{"minecraft:interact_with_furnace":17,"minecraft:mob_kills":3,"minecraft:interact_with_crafting_table":13,"minecraft:bell_ring":1,"minecraft:leave_game":4,"minecraft:time_since_death":104294,"minecraft:sleep_in_bed":1,"minecraft:climb_one_cm":8702,"minecraft:time_since_rest":77024,"minecraft:sprint_one_cm":61836,"minecraft:damage_taken":444,"minecraft:walk_one_cm":146780,"minecraft:damage_blocked_by_shield":558,"minecraft:drop":1,"minecraft:damage_dealt":340,"minecraft:swim_one_cm":4955,"minecraft:talked_to_villager":1,"minecraft:fly_one_cm":109408,"minecraft:open_chest":10,"minecraft:crouch_one_cm":4578,"minecraft:play_time":104294,"minecraft:sneak_time":2448,"minecraft:walk_under_water_one_cm":749,"minecraft:jump":606,"minecraft:walk_on_water_one_cm":4535,"minecraft:total_world_time":104294,"minecraft:fall_one_cm":12434}},"DataVersion":3953}