{"stats":{"minecraft:picked_up":{"minecraft:dark_oak_sapling":12,"minecraft:stick":8,"minecraft:raw_iron":8,"minecraft:wheat":12,"minecraft:andesite":1,"mcwbridges:iron_bridge":1,"minecraft:dark_oak_log":134,"minecraft:lapis_lazuli":14,"minecraft:red_bed":1,"minecraft:stone_stairs":2,"minecraft:apple":3,"minecraft:diamond":2,"minecraft:wheat_seeds":23,"armourers_workshop:skin-library-global":1,"minecraft:carved_pumpkin":2,"minecraft:coal":12,"minecraft:cobblestone":27},"minecraft:used":{"armourers_workshop:skinning-table":2,"mcwbridges:iron_bridge":1,"armourers_workshop:armourer":1,"minecraft:bread":2,"armourers_workshop:skin-library-global":2,"minecraft:iron_pickaxe":69,"armourers_workshop:hologram-projector":1,"biomesoplenty:white_sand":1,"minecraft:bell":1,"minecraft:stone_axe":134,"minecraft:cobblestone":9,"minecraft:crafting_table":2,"minecraft:furnace":1,"armourers_workshop:skin-library-creative":1},"minecraft:mined":{"minecraft:stone_stairs":2,"minecraft:diamond_ore":1,"minecraft:red_bed":1,"minecraft:iron_ore":8,"minecraft:wheat":12,"minecraft:dark_oak_log":134,"minecraft:andesite":1,"minecraft:carved_pumpkin":2,"mcwbridges:iron_bridge":1,"minecraft:coal_ore":12,"minecraft:vine":15,"minecraft:tall_grass":1,"armourers_workshop:skin-library-global":1,"minecraft:lapis_ore":3,"minecraft:stone":28,"minecraft:oak_leaves":4},"minecraft:custom":{"minecraft:time_since_rest":41633,"minecraft:interact_with_furnace":1,"minecraft:sprint_one_cm":27470,"minecraft:walk_one_cm":71784,"minecraft:damage_taken":240,"minecraft:mob_kills":1,"minecraft:drop":1,"minecraft:damage_dealt":10,"minecraft:interact_with_crafting_table":3,"minecraft:fly_one_cm":69119,"minecraft:open_chest":4,"minecraft:crouch_one_cm":2033,"minecraft:play_time":68903,"minecraft:sneak_time":1259,"minecraft:bell_ring":1,"minecraft:jump":212,"minecraft:walk_on_water_one_cm":625,"minecraft:leave_game":4,"minecraft:time_since_death":68903,"minecraft:sleep_in_bed":1,"minecraft:climb_one_cm":8491,"minecraft:total_world_time":68903,"minecraft:fall_one_cm":6111},"minecraft:dropped":{"minecraft:diamond":1},"minecraft:crafted":{"minecraft:stone_shovel":1,"minecraft:crafting_table":2,"minecraft:stick":4,"minecraft:furnace":1,"minecraft:dark_oak_planks":16,"minecraft:stone_axe":1},"minecraft:broken":{"minecraft:stone_axe":1}},"DataVersion":3953}