{"stats":{"minecraft:picked_up":{"minecraft:wheat":44,"minecraft:nether_wart":20,"minecraft:brown_mushroom":1,"minecraft:string":2,"minecraft:red_bed":1,"minecraft:stone_stairs":2,"minecraft:raw_copper":155,"minecraft:item_frame":1,"minecraft:cobbled_deepslate":28,"armourers_workshop:skin-library-global":1,"minecraft:sugar_cane":28,"minecraft:dark_oak_sapling":12,"minecraft:raw_iron":149,"minecraft:stick":10,"minecraft:sandstone":3,"minecraft:torch":14,"minecraft:porkchop":45,"minecraft:redstone":78,"minecraft:rabbit_foot":1,"minecraft:arrow":15,"minecraft:rotten_flesh":18,"minecraft:nether_bricks":27,"minecraft:carved_pumpkin":2,"minecraft:blaze_rod":2,"minecraft:mutton":9,"minecraft:white_wool":5,"minecraft:cobblestone":106,"minecraft:magma_cream":1,"minecraft:andesite":1,"minecraft:dark_oak_boat":1,"minecraft:potato":1,"mcwbridges:iron_bridge":1,"minecraft:flint":1,"minecraft:nether_wart_block":14,"minecraft:gunpowder":1,"minecraft:paper":1,"minecraft:lapis_lazuli":180,"minecraft:dirt":5,"minecraft:bone":24,"minecraft:apple":3,"minecraft:bow":1,"minecraft:wheat_seeds":106,"minecraft:raw_gold":35,"minecraft:glowstone_dust":1,"minecraft:ghast_tear":1,"minecraft:gravel":3,"minecraft:sand":60,"minecraft:spruce_log":2,"minecraft:dark_oak_log":194,"minecraft:mossy_cobblestone":5,"minecraft:slime_ball":3,"minecraft:diamond":10,"minecraft:coal":214},"minecraft:broken":{"minecraft:shield":1,"minecraft:stone_axe":1,"minecraft:iron_pickaxe":2},"minecraft:custom":{"minecraft:mob_kills":84,"minecraft:interact_with_crafting_table":26,"minecraft:open_barrel":1,"minecraft:bell_ring":1,"minecraft:damage_dealt_resisted":152,"minecraft:leave_game":7,"minecraft:time_since_death":256691,"minecraft:climb_one_cm":9615,"minecraft:sprint_one_cm":347425,"minecraft:walk_one_cm":473989,"minecraft:damage_blocked_by_shield":5926,"minecraft:drop":7,"minecraft:talked_to_villager":2,"minecraft:play_time":257252,"minecraft:sneak_time":11937,"minecraft:walk_under_water_one_cm":6920,"minecraft:boat_one_cm":689,"minecraft:jump":2939,"minecraft:walk_on_water_one_cm":20689,"minecraft:total_world_time":257252,"minecraft:interact_with_furnace":31,"minecraft:sleep_in_bed":4,"minecraft:time_since_rest":61458,"minecraft:damage_taken":3856,"minecraft:damage_dealt":8918,"minecraft:swim_one_cm":45179,"minecraft:fly_one_cm":771294,"minecraft:open_chest":47,"minecraft:crouch_one_cm":28330,"minecraft:fall_one_cm":74654},"minecraft:dropped":{"minecraft:diamond":1,"minecraft:cobblestone":1,"minecraft:dark_oak_log":60,"minecraft:nether_wart_block":14,"minecraft:rotten_flesh":3,"minecraft:filled_map":1},"minecraft:killed":{"minecraft:spider":1,"minecraft:slime":3,"betternether:firefly":1,"minecraft:skeleton":10,"betternether:naga":2,"minecraft:magma_cube":5,"minecraft:piglin":1,"minecraft:pig":23,"minecraft:sheep":5,"minecraft:zombie":18,"minecraft:ghast":2,"minecraft:wither_skeleton":3,"minecraft:blaze":5,"minecraft:enderman":1},"minecraft:crafted":{"minecraft:stone_shovel":1,"minecraft:dark_oak_boat":1,"minecraft:furnace":2,"minecraft:flint_and_steel":1,"minecraft:iron_boots":1,"minecraft:iron_axe":1,"minecraft:chest":1,"minecraft:dark_oak_planks":68,"minecraft:cooked_porkchop":47,"minecraft:crafting_table":7,"minecraft:spruce_planks":20,"minecraft:iron_helmet":1,"minecraft:iron_sword":1,"minecraft:bucket":3,"minecraft:stone_axe":2,"minecraft:bread":14,"minecraft:air":0,"minecraft:iron_chestplate":1,"minecraft:diamond_pickaxe":1,"minecraft:shield":2,"minecraft:stick":48,"minecraft:iron_ingot":34,"minecraft:iron_pickaxe":2,"minecraft:iron_shovel":1,"minecraft:iron_leggings":1,"minecraft:torch":140},"minecraft:used":{"minecraft:iron_shovel":40,"minecraft:flint_and_steel":2,"minecraft:axolotl_spawn_egg":1,"minecraft:chest":3,"minecraft:shield":108,"minecraft:iron_sword":171,"biomesoplenty:white_sand":1,"minecraft:bell":1,"minecraft:rotten_flesh":9,"minecraft:iron_chestplate":1,"minecraft:torch":172,"minecraft:dirt":1,"minecraft:axolotl_bucket":2,"minecraft:lava_bucket":11,"minecraft:iron_axe":28,"minecraft:iron_helmet":1,"minecraft:iron_boots":1,"minecraft:bow":40,"minecraft:dark_oak_boat":1,"minecraft:furnace":2,"armourers_workshop:skin-library-creative":1,"minecraft:cobbled_deepslate":2,"minecraft:iron_leggings":1,"minecraft:water_bucket":2,"mcwbridges:iron_bridge":1,"minecraft:mossy_cobblestone":5,"minecraft:crafting_table":7,"armourers_workshop:skinning-table":2,"minecraft:diamond_pickaxe":84,"minecraft:apple":11,"armourers_workshop:armourer":1,"minecraft:iron_pickaxe":683,"minecraft:bread":27,"armourers_workshop:skin-library-global":2,"armourers_workshop:hologram-projector":1,"minecraft:gravel":3,"minecraft:stone_axe":134,"minecraft:fire_charge":2,"minecraft:cobblestone":125,"minecraft:cooked_porkchop":24,"minecraft:bucket":17,"minecraft:andesite":1},"minecraft:mined":{"minecraft:diamond_ore":1,"minecraft:mossy_cobblestone":5,"minecraft:deepslate_diamond_ore":8,"minecraft:dark_oak_log":134,"minecraft:carved_pumpkin":2,"minecraft:nether_bricks":32,"minecraft:grass_block":2,"minecraft:nether_wart":20,"minecraft:sandstone":3,"minecraft:spawner":1,"minecraft:redstone_ore":2,"minecraft:iron_ore":96,"minecraft:fire":4,"minecraft:andesite":1,"minecraft:deepslate_lapis_ore":25,"minecraft:vine":16,"biomesoplenty:high_grass":26,"minecraft:deepslate_iron_ore":53,"minecraft:stone":94,"minecraft:deepslate_redstone_ore":16,"minecraft:red_bed":1,"biomesoplenty:glowworm_silk":1,"minecraft:soul_fire":4,"minecraft:torch":10,"minecraft:cyan_stained_glass_pane":9,"minecraft:short_grass":8,"biomesoplenty:high_grass_plant":30,"minecraft:copper_ore":44,"minecraft:tall_grass":2,"minecraft:cobblestone":13,"minecraft:deepslate_gold_ore":34,"armourers_workshop:skin-library-global":1,"minecraft:lapis_ore":3,"minecraft:sugar_cane":10,"minecraft:wall_torch":3,"minecraft:stone_stairs":2,"minecraft:nether_wart_block":7,"biomesoplenty:glowworm_silk_strand":1,"biomesoplenty:red_maple_leaf_pile":1,"minecraft:wheat":44,"minecraft:spruce_log":2,"mcwbridges:iron_bridge":1,"minecraft:coal_ore":214,"minecraft:gravel":4,"minecraft:sand":56,"minecraft:dirt":2,"minecraft:gold_ore":1,"minecraft:oak_leaves":4,"minecraft:deepslate":27}},"DataVersion":3953}