{"stats":{"minecraft:picked_up":{"minecraft:wheat":12,"minecraft:andesite":1,"mcwbridges:iron_bridge":1,"minecraft:lapis_lazuli":14,"minecraft:dirt":1,"minecraft:red_bed":1,"minecraft:stone_stairs":2,"minecraft:raw_copper":141,"minecraft:apple":3,"minecraft:wheat_seeds":23,"armourers_workshop:skin-library-global":1,"minecraft:dark_oak_sapling":12,"minecraft:raw_iron":43,"minecraft:stick":8,"minecraft:dark_oak_log":134,"minecraft:mossy_cobblestone":5,"minecraft:diamond":2,"minecraft:carved_pumpkin":2,"minecraft:coal":89,"minecraft:cobblestone":58},"minecraft:used":{"mcwbridges:iron_bridge":1,"minecraft:shield":2,"biomesoplenty:white_sand":1,"minecraft:bell":1,"minecraft:iron_chestplate":1,"minecraft:torch":19,"minecraft:mossy_cobblestone":5,"minecraft:dirt":1,"minecraft:crafting_table":2,"armourers_workshop:skinning-table":2,"armourers_workshop:armourer":1,"minecraft:bread":6,"minecraft:iron_pickaxe":257,"armourers_workshop:skin-library-global":2,"minecraft:iron_helmet":1,"minecraft:iron_boots":1,"armourers_workshop:hologram-projector":1,"minecraft:stone_axe":134,"minecraft:cobblestone":31,"minecraft:furnace":1,"armourers_workshop:skin-library-creative":1,"minecraft:iron_leggings":1},"minecraft:mined":{"minecraft:diamond_ore":1,"minecraft:red_bed":1,"minecraft:mossy_cobblestone":5,"minecraft:dark_oak_log":134,"minecraft:carved_pumpkin":2,"minecraft:grass_block":1,"minecraft:tall_grass":1,"minecraft:copper_ore":40,"minecraft:cobblestone":6,"armourers_workshop:skin-library-global":1,"minecraft:lapis_ore":3,"minecraft:stone_stairs":2,"minecraft:iron_ore":43,"minecraft:wheat":12,"minecraft:andesite":1,"mcwbridges:iron_bridge":1,"minecraft:coal_ore":89,"minecraft:vine":15,"minecraft:stone":53,"minecraft:oak_leaves":4},"minecraft:custom":{"minecraft:interact_with_furnace":17,"minecraft:mob_kills":1,"minecraft:interact_with_crafting_table":13,"minecraft:bell_ring":1,"minecraft:time_since_death":92903,"minecraft:leave_game":4,"minecraft:sleep_in_bed":1,"minecraft:climb_one_cm":8491,"minecraft:time_since_rest":65633,"minecraft:sprint_one_cm":51020,"minecraft:damage_taken":280,"minecraft:walk_one_cm":107409,"minecraft:damage_blocked_by_shield":318,"minecraft:drop":1,"minecraft:damage_dealt":10,"minecraft:talked_to_villager":1,"minecraft:fly_one_cm":87913,"minecraft:open_chest":10,"minecraft:crouch_one_cm":2945,"minecraft:play_time":92903,"minecraft:sneak_time":1721,"minecraft:jump":389,"minecraft:walk_on_water_one_cm":3511,"minecraft:total_world_time":92903,"minecraft:fall_one_cm":10299},"minecraft:dropped":{"minecraft:diamond":1},"minecraft:crafted":{"minecraft:stone_shovel":1,"minecraft:crafting_table":2,"minecraft:iron_helmet":1,"minecraft:iron_sword":1,"minecraft:furnace":1,"minecraft:stone_axe":2,"minecraft:air":0,"minecraft:iron_boots":1,"minecraft:iron_chestplate":1,"minecraft:shield":1,"minecraft:iron_axe":1,"minecraft:stick":12,"minecraft:iron_ingot":34,"minecraft:iron_pickaxe":1,"minecraft:iron_shovel":1,"minecraft:iron_leggings":1,"minecraft:dark_oak_planks":28,"minecraft:torch":20},"minecraft:broken":{"minecraft:stone_axe":1}},"DataVersion":3953}