{"stats":{"minecraft:picked_up":{"minecraft:wheat":44,"minecraft:andesite":1,"minecraft:dark_oak_boat":1,"mcwbridges:iron_bridge":1,"minecraft:dirt":2,"minecraft:lapis_lazuli":180,"minecraft:string":2,"minecraft:red_bed":1,"minecraft:stone_stairs":2,"minecraft:raw_copper":155,"minecraft:bone":16,"minecraft:apple":3,"minecraft:bow":1,"minecraft:wheat_seeds":106,"minecraft:cobbled_deepslate":28,"minecraft:raw_gold":35,"armourers_workshop:skin-library-global":1,"minecraft:sugar_cane":28,"minecraft:dark_oak_sapling":12,"minecraft:stick":8,"minecraft:raw_iron":149,"minecraft:porkchop":45,"minecraft:spruce_log":1,"minecraft:redstone":78,"minecraft:dark_oak_log":194,"minecraft:rabbit_foot":1,"minecraft:mossy_cobblestone":5,"minecraft:arrow":12,"minecraft:rotten_flesh":16,"minecraft:diamond":10,"minecraft:carved_pumpkin":2,"minecraft:coal":213,"minecraft:cobblestone":102},"minecraft:broken":{"minecraft:shield":1,"minecraft:stone_axe":1,"minecraft:iron_pickaxe":2},"minecraft:custom":{"minecraft:interact_with_furnace":31,"minecraft:mob_kills":50,"minecraft:interact_with_crafting_table":23,"minecraft:bell_ring":1,"minecraft:leave_game":7,"minecraft:time_since_death":208691,"minecraft:sleep_in_bed":4,"minecraft:climb_one_cm":9158,"minecraft:time_since_rest":13458,"minecraft:sprint_one_cm":213351,"minecraft:damage_taken":1516,"minecraft:walk_one_cm":391568,"minecraft:damage_blocked_by_shield":4965,"minecraft:drop":2,"minecraft:damage_dealt":7134,"minecraft:swim_one_cm":17329,"minecraft:talked_to_villager":2,"minecraft:fly_one_cm":410882,"minecraft:open_chest":30,"minecraft:crouch_one_cm":21811,"minecraft:play_time":209252,"minecraft:sneak_time":9580,"minecraft:walk_under_water_one_cm":6193,"minecraft:boat_one_cm":689,"minecraft:jump":1871,"minecraft:walk_on_water_one_cm":14414,"minecraft:total_world_time":209252,"minecraft:fall_one_cm":44761},"minecraft:dropped":{"minecraft:diamond":1,"minecraft:dark_oak_log":60},"minecraft:killed":{"minecraft:pig":23,"minecraft:spider":1,"minecraft:skeleton":8,"minecraft:zombie":15,"minecraft:enderman":1},"minecraft:crafted":{"minecraft:stone_shovel":1,"minecraft:cooked_porkchop":47,"minecraft:dark_oak_boat":1,"minecraft:crafting_table":5,"minecraft:spruce_planks":4,"minecraft:iron_helmet":1,"minecraft:iron_sword":1,"minecraft:furnace":2,"minecraft:bucket":1,"minecraft:stone_axe":2,"minecraft:bread":14,"minecraft:air":0,"minecraft:iron_boots":1,"minecraft:iron_chestplate":1,"minecraft:diamond_pickaxe":1,"minecraft:shield":2,"minecraft:iron_axe":1,"minecraft:stick":48,"minecraft:iron_ingot":34,"minecraft:iron_pickaxe":2,"minecraft:iron_shovel":1,"minecraft:iron_leggings":1,"minecraft:dark_oak_planks":68,"minecraft:torch":140},"minecraft:used":{"minecraft:water_bucket":1,"mcwbridges:iron_bridge":1,"minecraft:axolotl_spawn_egg":1,"minecraft:shield":92,"minecraft:iron_sword":103,"biomesoplenty:white_sand":1,"minecraft:bell":1,"minecraft:rotten_flesh":9,"minecraft:iron_chestplate":1,"minecraft:torch":145,"minecraft:mossy_cobblestone":5,"minecraft:dirt":1,"minecraft:crafting_table":5,"minecraft:axolotl_bucket":2,"armourers_workshop:skinning-table":2,"minecraft:apple":11,"armourers_workshop:skin-library-global":2,"armourers_workshop:armourer":1,"minecraft:iron_axe":22,"minecraft:bread":20,"minecraft:iron_pickaxe":683,"minecraft:iron_helmet":1,"armourers_workshop:hologram-projector":1,"minecraft:iron_boots":1,"minecraft:stone_axe":134,"minecraft:cobblestone":69,"minecraft:bow":3,"minecraft:dark_oak_boat":1,"minecraft:furnace":2,"armourers_workshop:skin-library-creative":1,"minecraft:andesite":1,"minecraft:bucket":4,"minecraft:cobbled_deepslate":2,"minecraft:iron_leggings":1},"minecraft:mined":{"minecraft:deepslate_redstone_ore":16,"minecraft:diamond_ore":1,"minecraft:red_bed":1,"minecraft:mossy_cobblestone":5,"minecraft:deepslate_diamond_ore":8,"biomesoplenty:glowworm_silk":1,"minecraft:dark_oak_log":134,"minecraft:carved_pumpkin":2,"minecraft:grass_block":1,"biomesoplenty:high_grass_plant":2,"minecraft:tall_grass":1,"minecraft:copper_ore":44,"minecraft:cobblestone":11,"minecraft:lapis_ore":3,"armourers_workshop:skin-library-global":1,"minecraft:deepslate_gold_ore":34,"minecraft:sugar_cane":10,"minecraft:stone_stairs":2,"minecraft:redstone_ore":2,"minecraft:iron_ore":96,"biomesoplenty:glowworm_silk_strand":1,"biomesoplenty:red_maple_leaf_pile":1,"minecraft:wheat":44,"minecraft:spruce_log":1,"minecraft:andesite":1,"minecraft:deepslate_lapis_ore":25,"mcwbridges:iron_bridge":1,"minecraft:coal_ore":214,"biomesoplenty:high_grass":1,"minecraft:deepslate_iron_ore":53,"minecraft:vine":16,"minecraft:stone":91,"minecraft:gold_ore":1,"minecraft:oak_leaves":4,"minecraft:deepslate":27}},"DataVersion":3953}