{"stats":{"minecraft:picked_up":{"minecraft:mud":1,"minecraft:crafting_table":5,"minecraft:clay_ball":4,"minecraft:salmon":4,"minecraft:dirt":5,"minecraft:string":13,"minecraft:moss_carpet":4,"minecraft:bone":5,"minecraft:wheat_seeds":1,"minecraft:cobbled_deepslate":43,"minecraft:spruce_planks":10,"minecraft:spruce_wood":5,"minecraft:cobweb":3,"minecraft:moss_block":3,"minecraft:flowering_azalea":1,"minecraft:mangrove_log":7,"minecraft:furnace":4,"minecraft:raw_iron":34,"minecraft:big_dripleaf":6,"minecraft:torch":1,"minecraft:redstone":1,"minecraft:spider_eye":1,"minecraft:diamond":27,"minecraft:tropical_fish":2,"minecraft:lever":1,"minecraft:glow_berries":32,"minecraft:stripped_dark_oak_log":1,"minecraft:coal":22,"minecraft:cobblestone":52},"minecraft:custom":{"minecraft:interact_with_furnace":8,"minecraft:mob_kills":15,"minecraft:interact_with_crafting_table":15,"minecraft:leave_game":3,"minecraft:time_since_death":52858,"minecraft:sleep_in_bed":1,"minecraft:climb_one_cm":4599,"minecraft:time_since_rest":30723,"minecraft:sprint_one_cm":88872,"minecraft:damage_taken":1936,"minecraft:walk_one_cm":223087,"minecraft:damage_blocked_by_shield":660,"minecraft:drop":49,"minecraft:damage_dealt":1372,"minecraft:swim_one_cm":16800,"minecraft:fly_one_cm":131859,"minecraft:open_chest":5,"minecraft:crouch_one_cm":3267,"minecraft:play_time":67509,"minecraft:deaths":4,"minecraft:sneak_time":1343,"minecraft:walk_under_water_one_cm":18904,"minecraft:jump":1180,"minecraft:walk_on_water_one_cm":17135,"minecraft:total_world_time":67509,"minecraft:fall_one_cm":23542,"minecraft:gravestones_collected":2},"minecraft:killed":{"minecraft:salmon":7,"minecraft:spider":1,"minecraft:skeleton":1,"minecraft:zombie":1,"minecraft:tropical_fish":3},"minecraft:dropped":{"minecraft:moss_carpet":4,"minecraft:moss_block":3,"minecraft:wheat_seeds":1,"minecraft:bowl":1,"minecraft:iron_helmet":1,"minecraft:rotten_flesh":3,"minecraft:iron_boots":1,"minecraft:clay_ball":4,"minecraft:mangrove_planks":1,"minecraft:tropical_fish":4,"minecraft:cobweb":3,"minecraft:big_dripleaf":8,"minecraft:mangrove_log":3,"minecraft:iron_chestplate":1,"minecraft:iron_leggings":1,"minecraft:spider_eye":1,"minecraft:flowering_azalea":1,"minecraft:arrow":8,"minecraft:string":4,"minecraft:bone":14,"minecraft:redstone":5},"minecraft:killed_by":{"minecraft:skeleton":3,"minecraft:zombie":1},"minecraft:crafted":{"minecraft:crafting_table":3,"minecraft:spruce_planks":20,"minecraft:iron_helmet":1,"minecraft:wooden_pickaxe":1,"minecraft:furnace":1,"minecraft:cooked_salmon":4,"minecraft:mangrove_planks":24,"minecraft:bucket":1,"minecraft:stone_axe":1,"minecraft:air":0,"minecraft:diamond_helmet":1,"travelersbackpack:white_sleeping_bag":1,"minecraft:diamond_leggings":1,"minecraft:white_wool":3,"minecraft:iron_boots":1,"minecraft:iron_chestplate":1,"minecraft:shield":1,"minecraft:stick":12,"minecraft:iron_pickaxe":1,"minecraft:stone_pickaxe":1,"minecraft:stone_sword":1,"minecraft:chest":1,"minecraft:diamond_boots":1,"minecraft:iron_leggings":1,"minecraft:torch":24,"minecraft:diamond_chestplate":1},"minecraft:mined":{"minecraft:flowering_azalea":1,"minecraft:deepslate_diamond_ore":27,"minecraft:stripped_dark_oak_log":1,"minecraft:cave_vines_plant":2,"minecraft:clay":1,"minecraft:crafting_table":6,"minecraft:torch":1,"minecraft:short_grass":2,"minecraft:grass_block":2,"minecraft:redstone_wire":1,"minecraft:tall_grass":4,"minecraft:cobblestone":2,"minecraft:moss_block":3,"minecraft:big_dripleaf":1,"minecraft:spawner":1,"minecraft:magma_block":2,"minecraft:furnace":4,"minecraft:mud":1,"minecraft:cobbled_deepslate":1,"minecraft:iron_ore":13,"minecraft:ice":1,"minecraft:moss_carpet":1,"minecraft:coal_ore":20,"minecraft:cave_vines":3,"minecraft:deepslate_iron_ore":21,"minecraft:dirt":2,"minecraft:cobweb":12,"minecraft:mangrove_log":4,"minecraft:spruce_wood":5,"minecraft:dispenser":1,"minecraft:stone":51,"minecraft:deepslate":42},"minecraft:used":{"minecraft:water_bucket":11,"minecraft:stone_sword":42,"minecraft:stone_pickaxe":31,"minecraft:mangrove_planks":6,"minecraft:wooden_pickaxe":7,"minecraft:shield":13,"minecraft:cooked_salmon":6,"minecraft:torch":21,"minecraft:glow_berries":27,"minecraft:dirt":4,"minecraft:crafting_table":7,"minecraft:carrot":4,"minecraft:mud":1,"minecraft:lever":1,"travelersbackpack:white_sleeping_bag":1,"minecraft:iron_pickaxe":153,"minecraft:suspicious_stew":1,"minecraft:stone_axe":11,"minecraft:cobblestone":24,"minecraft:furnace":4,"minecraft:bucket":12,"minecraft:cobbled_deepslate":37,"minecraft:cobweb":3}},"DataVersion":3953}