{"stats":{"minecraft:broken":{"minecraft:shield":1,"minecraft:iron_pickaxe":1},"minecraft:mined":{"minecraft:diamond_ore":1,"minecraft:tuff":3,"minecraft:white_bed":1,"minecraft:deepslate_diamond_ore":27,"minecraft:obsidian":1,"minecraft:cave_vines_plant":2,"minecraft:grass_block":2,"minecraft:redstone_wire":1,"travelersbackpack:white_sleeping_bag":2,"minecraft:moss_block":3,"minecraft:spawner":1,"minecraft:magma_block":2,"minecraft:furnace":8,"minecraft:iron_ore":25,"minecraft:cobbled_deepslate":1,"minecraft:moss_carpet":1,"minecraft:pointed_dripstone":1,"minecraft:cave_vines":3,"minecraft:deepslate_iron_ore":43,"minecraft:packed_ice":1,"minecraft:spruce_wood":5,"minecraft:stone":112,"minecraft:flowering_azalea":1,"minecraft:stripped_dark_oak_log":1,"travelersbackpack:standard":1,"minecraft:clay":1,"minecraft:crafting_table":10,"minecraft:torch":1,"minecraft:short_grass":2,"minecraft:tall_grass":4,"minecraft:cobblestone":2,"minecraft:big_dripleaf":1,"minecraft:mud":1,"minecraft:ice":3,"minecraft:spruce_log":14,"minecraft:coal_ore":20,"minecraft:sand":18,"minecraft:dirt":7,"minecraft:cobweb":13,"minecraft:mangrove_log":4,"minecraft:smooth_basalt":2,"minecraft:dispenser":1,"minecraft:fern":1,"minecraft:deepslate":43},"minecraft:killed":{"minecraft:spider":2,"minecraft:skeleton":5,"minecraft:tropical_fish":3,"minecraft:pig":8,"minecraft:salmon":17,"minecraft:sheep":5,"minecraft:zombie":10,"minecraft:cow":10},"minecraft:picked_up":{"minecraft:mud":1,"minecraft:crafting_table":9,"minecraft:clay_ball":4,"minecraft:moss_carpet":4,"minecraft:string":15,"minecraft:cobbled_deepslate":44,"minecraft:spruce_planks":10,"minecraft:beef":26,"minecraft:mangrove_log":7,"minecraft:furnace":8,"minecraft:stick":2,"minecraft:raw_iron":66,"minecraft:big_dripleaf":6,"minecraft:torch":1,"minecraft:porkchop":17,"minecraft:pointed_dripstone":2,"minecraft:redstone":1,"minecraft:arrow":2,"minecraft:rotten_flesh":3,"minecraft:tropical_fish":2,"minecraft:obsidian":1,"minecraft:glow_berries":32,"minecraft:mutton":8,"minecraft:white_wool":5,"minecraft:cobblestone":135,"minecraft:cooked_beef":1,"minecraft:salmon":11,"minecraft:leather":7,"minecraft:tuff":3,"minecraft:dirt":10,"minecraft:bone":9,"minecraft:wheat_seeds":1,"minecraft:spruce_wood":5,"minecraft:cobweb":3,"minecraft:moss_block":3,"minecraft:flowering_azalea":1,"minecraft:smooth_basalt":2,"minecraft:sand":18,"minecraft:white_bed":1,"minecraft:spruce_log":14,"minecraft:spider_eye":1,"travelersbackpack:white_sleeping_bag":2,"travelersbackpack:standard":1,"minecraft:diamond":28,"minecraft:lever":1,"minecraft:bone_meal":1,"minecraft:coal":80,"minecraft:stripped_dark_oak_log":1},"minecraft:dropped":{"minecraft:moss_block":3,"minecraft:wheat_seeds":1,"minecraft:iron_helmet":1,"minecraft:mangrove_planks":1,"minecraft:tropical_fish":4,"minecraft:cobweb":3,"minecraft:iron_leggings":1,"minecraft:bone_meal":1,"minecraft:flowering_azalea":1,"minecraft:string":4,"minecraft:redstone":5,"minecraft:bone":14,"minecraft:moss_carpet":4,"minecraft:sweet_berries":6,"minecraft:stone_sword":1,"minecraft:bowl":1,"minecraft:rotten_flesh":3,"minecraft:clay_ball":4,"minecraft:iron_boots":1,"minecraft:big_dripleaf":8,"minecraft:mangrove_log":3,"minecraft:iron_chestplate":1,"minecraft:spider_eye":1,"minecraft:arrow":10,"minecraft:beef":3,"minecraft:stone_pickaxe":1},"minecraft:custom":{"minecraft:mob_kills":62,"minecraft:interact_with_crafting_table":28,"minecraft:leave_game":3,"minecraft:time_since_death":3757,"minecraft:climb_one_cm":4599,"minecraft:sprint_one_cm":234707,"minecraft:walk_one_cm":351732,"minecraft:damage_blocked_by_shield":2774,"minecraft:drop":55,"minecraft:play_time":115129,"minecraft:deaths":6,"minecraft:sneak_time":1739,"minecraft:walk_under_water_one_cm":31197,"minecraft:jump":2433,"minecraft:walk_on_water_one_cm":24089,"minecraft:total_world_time":115129,"minecraft:gravestones_collected":5,"minecraft:interact_with_furnace":30,"minecraft:sleep_in_bed":4,"minecraft:time_since_rest":3919,"minecraft:damage_taken":2932,"minecraft:damage_dealt":6672,"minecraft:swim_one_cm":35505,"minecraft:fly_one_cm":493962,"minecraft:open_chest":7,"minecraft:crouch_one_cm":3799,"minecraft:fall_one_cm":47590},"minecraft:used":{"minecraft:stone_sword":84,"minecraft:shield":46,"minecraft:cooked_salmon":13,"minecraft:rotten_flesh":3,"minecraft:torch":22,"minecraft:dirt":9,"minecraft:carrot":4,"minecraft:tuff":3,"minecraft:axolotl_bucket":1,"minecraft:obsidian":2,"minecraft:smooth_basalt":2,"minecraft:furnace":8,"minecraft:cobbled_deepslate":44,"minecraft:water_bucket":17,"minecraft:stone_pickaxe":40,"minecraft:mangrove_planks":6,"minecraft:wooden_pickaxe":7,"minecraft:glow_berries":36,"minecraft:crafting_table":11,"minecraft:white_bed":1,"minecraft:spruce_log":1,"minecraft:mud":1,"minecraft:lever":1,"minecraft:diamond_pickaxe":5,"minecraft:bread":2,"minecraft:iron_pickaxe":252,"minecraft:suspicious_stew":1,"travelersbackpack:white_sleeping_bag":3,"minecraft:stone_axe":30,"minecraft:diamond_sword":51,"minecraft:cobblestone":78,"travelersbackpack:standard":4,"minecraft:bucket":19,"minecraft:cobweb":3},"minecraft:killed_by":{"minecraft:creeper":1,"minecraft:skeleton":3,"minecraft:zombie":1},"minecraft:crafted":{"minecraft:furnace":1,"minecraft:cooked_mutton":10,"minecraft:glass":4,"travelersbackpack:white_sleeping_bag":2,"minecraft:diamond_helmet":1,"minecraft:diamond_leggings":1,"minecraft:iron_boots":1,"minecraft:stone_pickaxe":1,"minecraft:chest":1,"minecraft:diamond_boots":1,"minecraft:cooked_beef":10,"minecraft:diamond_sword":1,"minecraft:crafting_table":3,"minecraft:spruce_planks":64,"travelersbackpack:backpack_tank":2,"travelersbackpack:standard":1,"minecraft:wooden_pickaxe":1,"minecraft:iron_helmet":1,"minecraft:cooked_salmon":11,"minecraft:mangrove_planks":24,"minecraft:bucket":1,"minecraft:stone_axe":1,"minecraft:air":0,"minecraft:white_wool":3,"minecraft:iron_chestplate":1,"minecraft:diamond_pickaxe":1,"minecraft:shield":1,"minecraft:stick":12,"minecraft:iron_pickaxe":1,"minecraft:stone_sword":1,"minecraft:iron_leggings":1,"minecraft:white_bed":1,"minecraft:torch":24,"minecraft:diamond_chestplate":1}},"DataVersion":3953}