{"stats":{"minecraft:broken":{"minecraft:stone_pickaxe":1},"minecraft:mined":{"minecraft:dark_oak_planks":1,"minecraft:deepslate_tiles":2,"minecraft:tuff":6,"minecraft:spruce_planks":79,"minecraft:deepslate_diamond_ore":12,"minecraft:spruce_door":14,"minecraft:clay":18,"minecraft:crafting_table":14,"minecraft:short_grass":5,"minecraft:mangrove_door":2,"minecraft:grass_block":1,"minecraft:decorated_pot":3,"minecraft:copper_ore":2,"minecraft:tall_grass":2,"minecraft:spruce_leaves":1,"minecraft:deepslate_gold_ore":4,"minecraft:wall_torch":1,"minecraft:spore_blossom":1,"minecraft:furnace":6,"minecraft:mud":1,"minecraft:iron_ore":27,"minecraft:ice":2,"minecraft:spruce_log":31,"minecraft:mangrove_leaves":4,"minecraft:coal_ore":27,"minecraft:oak_log":1,"minecraft:deepslate_iron_ore":11,"minecraft:sand":1,"minecraft:gravel":3,"minecraft:packed_ice":4,"minecraft:mangrove_log":66,"minecraft:stone":179,"minecraft:polished_andesite":1,"minecraft:small_dripleaf":1,"minecraft:gold_ore":7,"minecraft:spruce_slab":1,"minecraft:deepslate":6},"minecraft:killed":{"minecraft:salmon":24,"minecraft:spider":2,"minecraft:skeleton":1,"minecraft:zombie":8},"minecraft:picked_up":{"minecraft:mud":1,"minecraft:shelter_pottery_sherd":2,"minecraft:crafting_table":14,"minecraft:clay_ball":68,"minecraft:salmon":22,"minecraft:gold_block":14,"minecraft:tuff":6,"minecraft:oak_log":1,"minecraft:shield":1,"minecraft:string":2,"minecraft:dirt":1,"minecraft:raw_copper":4,"minecraft:iron_axe":2,"minecraft:cooked_salmon":26,"minecraft:deepslate_tiles":1,"minecraft:cobbled_deepslate":5,"minecraft:raw_gold":11,"minecraft:bucket":2,"minecraft:spruce_planks":141,"minecraft:spore_blossom":1,"minecraft:iron_ingot":26,"minecraft:stone_pickaxe":1,"minecraft:iron_pickaxe":1,"minecraft:spruce_slab":1,"minecraft:mangrove_planks":11,"minecraft:arms_up_pottery_sherd":1,"minecraft:mangrove_log":57,"minecraft:furnace":6,"minecraft:stick":21,"minecraft:raw_iron":36,"minecraft:sheaf_pottery_sherd":2,"minecraft:torch":2,"minecraft:axolotl_bucket":1,"minecraft:gravel":3,"minecraft:sand":1,"minecraft:prize_pottery_sherd":2,"minecraft:spruce_sapling":17,"minecraft:spruce_log":28,"minecraft:archer_pottery_sherd":1,"minecraft:spruce_door":17,"minecraft:dark_oak_planks":1,"minecraft:polished_andesite":1,"minecraft:rotten_flesh":9,"minecraft:snort_pottery_sherd":1,"minecraft:diamond":19,"minecraft:stone_axe":1,"minecraft:bone_meal":5,"minecraft:bread":31,"minecraft:mangrove_door":4,"minecraft:baked_potato":22,"minecraft:plenty_pottery_sherd":2,"minecraft:glow_berries":3,"minecraft:coal":27,"minecraft:cobblestone":179},"minecraft:dropped":{"minecraft:prize_pottery_sherd":2,"minecraft:stone_axe":1,"minecraft:shelter_pottery_sherd":2,"minecraft:tuff":6,"minecraft:plenty_pottery_sherd":2,"minecraft:sheaf_pottery_sherd":2,"minecraft:archer_pottery_sherd":1,"minecraft:big_dripleaf":2,"minecraft:arms_up_pottery_sherd":1,"minecraft:snort_pottery_sherd":1,"minecraft:iron_axe":1,"minecraft:stone_pickaxe":1,"minecraft:spruce_sapling":9},"minecraft:custom":{"minecraft:interact_with_furnace":42,"minecraft:mob_kills":35,"minecraft:interact_with_crafting_table":23,"minecraft:leave_game":2,"minecraft:time_since_death":32607,"minecraft:climb_one_cm":819,"minecraft:time_since_rest":33082,"minecraft:sprint_one_cm":139954,"minecraft:damage_taken":3756,"minecraft:walk_one_cm":98063,"minecraft:damage_blocked_by_shield":824,"minecraft:drop":25,"minecraft:damage_dealt":2619,"minecraft:swim_one_cm":191096,"minecraft:fly_one_cm":254751,"minecraft:open_chest":9,"minecraft:crouch_one_cm":5302,"minecraft:play_time":84806,"minecraft:deaths":4,"minecraft:sneak_time":4998,"minecraft:walk_under_water_one_cm":56864,"minecraft:jump":1172,"minecraft:walk_on_water_one_cm":43049,"minecraft:total_world_time":84806,"minecraft:fall_one_cm":10480},"minecraft:used":{"minecraft:water_bucket":11,"minecraft:spruce_door":20,"minecraft:stone_pickaxe":213,"minecraft:stone_shovel":1,"minecraft:baked_potato":4,"minecraft:mangrove_planks":78,"minecraft:spruce_planks":121,"minecraft:wooden_pickaxe":23,"minecraft:shield":12,"minecraft:cooked_salmon":7,"minecraft:salmon":5,"minecraft:torch":6,"minecraft:glow_berries":2,"minecraft:dirt":1,"minecraft:crafting_table":15,"minecraft:axolotl_bucket":1,"minecraft:wooden_axe":99,"minecraft:mud":1,"minecraft:mangrove_door":5,"minecraft:iron_axe":28,"minecraft:bread":3,"minecraft:iron_pickaxe":60,"minecraft:spore_blossom":1,"minecraft:spruce_sapling":10,"minecraft:gravel":2,"minecraft:stone_axe":130,"minecraft:furnace":8,"minecraft:bucket":16},"minecraft:killed_by":{"minecraft:creeper":1,"minecraft:polar_bear":1,"minecraft:spider":1,"minecraft:zombie":1},"minecraft:crafted":{"minecraft:stone_shovel":1,"minecraft:crafting_table":3,"minecraft:spruce_planks":108,"minecraft:wooden_pickaxe":3,"minecraft:mangrove_door":3,"minecraft:spruce_door":6,"minecraft:furnace":4,"minecraft:cooked_salmon":11,"minecraft:bucket":2,"minecraft:mangrove_planks":236,"minecraft:stone_axe":2,"minecraft:air":0,"minecraft:shield":1,"minecraft:iron_axe":1,"minecraft:stick":20,"minecraft:iron_ingot":16,"minecraft:iron_pickaxe":1,"minecraft:stone_pickaxe":2,"minecraft:wooden_axe":3,"minecraft:torch":20}},"DataVersion":3953}