{"stats":{"minecraft:picked_up":{"minecraft:shelter_pottery_sherd":2,"minecraft:crafting_table":6,"minecraft:salmon":13,"minecraft:gold_block":14,"minecraft:tuff":6,"minecraft:string":2,"minecraft:dirt":1,"minecraft:raw_copper":4,"minecraft:cooked_salmon":3,"minecraft:cobbled_deepslate":5,"minecraft:raw_gold":4,"minecraft:spruce_planks":73,"minecraft:stone_pickaxe":1,"minecraft:spruce_slab":1,"minecraft:mangrove_planks":11,"minecraft:arms_up_pottery_sherd":1,"minecraft:mangrove_log":34,"minecraft:furnace":2,"minecraft:stick":6,"minecraft:raw_iron":11,"minecraft:sheaf_pottery_sherd":2,"minecraft:gravel":2,"minecraft:prize_pottery_sherd":2,"minecraft:spruce_sapling":4,"minecraft:spruce_log":12,"minecraft:archer_pottery_sherd":1,"minecraft:rotten_flesh":9,"minecraft:snort_pottery_sherd":1,"minecraft:diamond":6,"minecraft:stone_axe":1,"minecraft:bone_meal":5,"minecraft:mangrove_door":4,"minecraft:plenty_pottery_sherd":2,"minecraft:cobblestone":72},"minecraft:custom":{"minecraft:interact_with_furnace":15,"minecraft:mob_kills":24,"minecraft:interact_with_crafting_table":6,"minecraft:time_since_death":36488,"minecraft:time_since_rest":36488,"minecraft:sprint_one_cm":70654,"minecraft:damage_taken":963,"minecraft:walk_one_cm":45400,"minecraft:damage_blocked_by_shield":555,"minecraft:drop":15,"minecraft:damage_dealt":2114,"minecraft:swim_one_cm":47369,"minecraft:fly_one_cm":71976,"minecraft:open_chest":5,"minecraft:crouch_one_cm":3025,"minecraft:play_time":36488,"minecraft:sneak_time":3128,"minecraft:walk_under_water_one_cm":17363,"minecraft:jump":582,"minecraft:walk_on_water_one_cm":21316,"minecraft:total_world_time":36488,"minecraft:fall_one_cm":4350},"minecraft:killed":{"minecraft:salmon":14,"minecraft:spider":1,"minecraft:skeleton":1,"minecraft:zombie":8},"minecraft:dropped":{"minecraft:prize_pottery_sherd":2,"minecraft:stone_axe":1,"minecraft:shelter_pottery_sherd":2,"minecraft:tuff":6,"minecraft:plenty_pottery_sherd":2,"minecraft:sheaf_pottery_sherd":2,"minecraft:archer_pottery_sherd":1,"minecraft:big_dripleaf":2,"minecraft:arms_up_pottery_sherd":1,"minecraft:snort_pottery_sherd":1,"minecraft:stone_pickaxe":1},"minecraft:crafted":{"minecraft:stone_shovel":1,"minecraft:crafting_table":1,"minecraft:spruce_planks":48,"minecraft:wooden_pickaxe":1,"minecraft:mangrove_door":3,"minecraft:furnace":2,"minecraft:cooked_salmon":7,"minecraft:mangrove_planks":144,"minecraft:stone_axe":1,"minecraft:air":0,"minecraft:stick":8,"minecraft:wooden_axe":1,"minecraft:stone_pickaxe":1},"minecraft:mined":{"minecraft:tuff":6,"minecraft:spruce_planks":79,"minecraft:deepslate_diamond_ore":6,"minecraft:crafting_table":6,"minecraft:short_grass":1,"minecraft:grass_block":1,"minecraft:mangrove_door":2,"minecraft:decorated_pot":3,"minecraft:tall_grass":1,"minecraft:copper_ore":2,"minecraft:spruce_leaves":1,"minecraft:deepslate_gold_ore":4,"minecraft:furnace":2,"minecraft:iron_ore":3,"minecraft:spruce_log":14,"minecraft:mangrove_leaves":4,"minecraft:deepslate_iron_ore":9,"minecraft:gravel":2,"minecraft:mangrove_log":34,"minecraft:stone":72,"minecraft:small_dripleaf":1,"minecraft:spruce_slab":1,"minecraft:deepslate":6},"minecraft:used":{"minecraft:water_bucket":7,"minecraft:stone_shovel":1,"minecraft:stone_pickaxe":82,"minecraft:baked_potato":3,"minecraft:mangrove_planks":77,"minecraft:shield":10,"minecraft:spruce_planks":121,"minecraft:wooden_pickaxe":4,"minecraft:cooked_salmon":4,"minecraft:salmon":3,"minecraft:dirt":1,"minecraft:crafting_table":6,"minecraft:wooden_axe":45,"minecraft:mangrove_door":5,"minecraft:iron_axe":22,"minecraft:bread":3,"minecraft:iron_pickaxe":26,"minecraft:spruce_sapling":6,"minecraft:gravel":2,"minecraft:stone_axe":113,"minecraft:furnace":3,"minecraft:bucket":9}},"DataVersion":3953}