{
  "repurposed_structures:root": {
    "criteria": {
      "always": "2024-07-29 07:13:31 +0000"
    },
    "done": true
  },
  "minecraft:recipes/decorations/crafting_table": {
    "criteria": {
      "unlock_right_away": "2024-07-29 07:13:31 +0000"
    },
    "done": true
  },
  "vanilla_refresh:player/end_teleport": {
    "criteria": {
      "s3": "2024-07-29 07:13:31 +0000"
    },
    "done": false
  },
  "incendium:technical/new_player": {
    "criteria": {
      "requirement": "2024-07-29 07:13:31 +0000"
    },
    "done": true
  },
  "kattersstructures:root": {
    "criteria": {
      "requirement": "2024-07-29 07:13:31 +0000"
    },
    "done": true
  },
  "pk_waystones:events/once/prepare": {
    "criteria": {
      "requirement": "2024-07-29 07:13:31 +0000"
    },
    "done": true
  },
  "vanilla_refresh:player/tick": {
    "criteria": {
      "s": "2024-07-29 07:13:31 +0000"
    },
    "done": true
  },
  "betternether:root": {
    "criteria": {
      "welcome": "2024-07-29 07:13:32 +0000"
    },
    "done": true
  },
  "blazeandcave:bacap/root": {
    "criteria": {
      "location": "2024-07-29 07:13:32 +0000"
    },
    "done": true
  },
  "incendium:technical/using/shield": {
    "criteria": {
      "log_spam_fixer": "2024-07-29 07:13:32 +0000"
    },
    "done": false
  },
  "blazeandcave:technical/biome_branch2_end": {
    "criteria": {
      "kilometre_walk": "2024-07-29 07:13:32 +0000"
    },
    "done": true
  },
  "blazeandcave:biomes/terralithic": {
    "criteria": {
      "moonlight_valley": "2024-07-29 08:55:59 +0000",
      "siberian_taiga": "2024-07-29 07:53:14 +0000",
      "ice_marsh": "2024-07-29 07:13:32 +0000"
    },
    "done": false
  },
  "incendium:technical/scroll_of_returning": {
    "criteria": {
      "log_spam_fixer": "2024-07-29 07:13:32 +0000"
    },
    "done": false
  },
  "incendium:technical/using/ragnarok": {
    "criteria": {
      "log_spam_fixer": "2024-07-29 07:13:32 +0000"
    },
    "done": false
  },
  "blazeandcave:technical/biome_branch1_end": {
    "criteria": {
      "kilometre_walk": "2024-07-29 07:13:32 +0000"
    },
    "done": true
  },
  "incendium:technical/using/trailblazer": {
    "criteria": {
      "log_spam_fixer": "2024-07-29 07:13:32 +0000"
    },
    "done": false
  },
  "blazeandcave:biomes/cold_feet": {
    "criteria": {
      "frozen_river": "2024-07-29 07:53:49 +0000",
      "snowy_plains": "2024-07-29 07:38:16 +0000",
      "ice_marsh": "2024-07-29 07:13:32 +0000",
      "snowy_beach": "2024-07-29 07:13:59 +0000"
    },
    "done": false
  },
  "blazeandcave:bacap/advancement_legend": {
    "criteria": {
      "diamonds": "2024-07-29 08:27:25 +0000",
      "benchmarking": "2024-07-29 07:13:50 +0000",
      "leaflet_drop": "2024-07-29 08:25:19 +0000",
      "bacap_root": "2024-07-29 07:13:33 +0000",
      "do_you_want_to_trade": "2024-07-29 08:16:41 +0000",
      "deep_slate_nine": "2024-07-29 08:24:55 +0000",
      "mining_root": "2024-07-29 07:42:09 +0000",
      "master_gold_miner": "2024-07-29 07:46:09 +0000",
      "suit_up": "2024-07-29 07:41:11 +0000",
      "tarzan": "2024-07-29 08:11:41 +0000",
      "under_pressure": "2024-07-29 08:59:32 +0000",
      "time_to_chop": "2024-07-29 07:17:40 +0000",
      "spooky_skeleton": "2024-07-29 09:00:09 +0000",
      "viking": "2024-07-29 08:16:08 +0000",
      "help_ive_been_framed": "2024-07-29 08:56:09 +0000",
      "local_brewery": "2024-07-29 08:17:19 +0000",
      "eye_spy": "2024-07-29 08:59:23 +0000",
      "bake_bread": "2024-07-29 07:22:06 +0000",
      "adventure_root": "2024-07-29 08:16:12 +0000",
      "kilometre_walk": "2024-07-29 08:11:26 +0000",
      "cut_in_half": "2024-07-29 07:38:08 +0000",
      "getting_wood": "2024-07-29 07:13:37 +0000",
      "isnt_it_iron_pick": "2024-07-29 07:42:09 +0000",
      "heavy_metal": "2024-07-29 07:42:18 +0000",
      "gold_rush": "2024-07-29 07:17:03 +0000",
      "just_keep_swimming": "2024-07-29 07:50:56 +0000",
      "sugar_sugar": "2024-07-29 07:54:04 +0000",
      "youll_never_take_me_alive_copper": "2024-07-29 08:01:07 +0000",
      "dispense_with_this": "2024-07-29 07:17:02 +0000",
      "die_potato": "2024-07-29 07:39:34 +0000",
      "leveraging_synergy": "2024-07-29 07:15:03 +0000",
      "dead_dont_die": "2024-07-29 08:16:12 +0000",
      "loot_em": "2024-07-29 08:30:04 +0000",
      "acquire_hardware": "2024-07-29 07:17:03 +0000",
      "all_aboard": "2024-07-29 07:16:28 +0000",
      "diamonds_to_you": "2024-07-29 08:27:25 +0000",
      "barking_mad": "2024-07-29 07:15:14 +0000",
      "smooth_operator": "2024-07-29 07:50:40 +0000",
      "the_first_night": "2024-07-29 07:49:52 +0000",
      "cargo_carrier": "2024-07-29 08:14:23 +0000",
      "seeing_red": "2024-07-29 08:17:01 +0000",
      "redstone_root": "2024-07-29 08:17:01 +0000",
      "building_root": "2024-07-29 07:13:50 +0000",
      "heart_of_darkness": "2024-07-29 07:15:02 +0000",
      "ladder_climbers_inc": "2024-07-29 08:16:48 +0000",
      "the_sea_calls_you": "2024-07-29 07:38:44 +0000",
      "diam_oh_wait_no": "2024-07-29 08:16:56 +0000",
      "suspicious_looking_stew": "2024-07-29 08:13:09 +0000",
      "animal_root": "2024-07-29 07:37:44 +0000",
      "boaty_mcboatface": "2024-07-29 07:59:48 +0000",
      "monster_hunter": "2024-07-29 08:16:12 +0000",
      "statistics_root": "2024-07-29 07:49:53 +0000",
      "time_to_mine": "2024-07-29 07:42:09 +0000",
      "biomes_root": "2024-07-29 08:16:12 +0000",
      "mary_had_a_little_lamb": "2024-07-29 07:40:47 +0000",
      "your_door_was_locked": "2024-07-29 08:28:56 +0000",
      "ahoy": "2024-07-29 08:12:17 +0000"
    },
    "done": false
  },
  "minecraft:recipes/building_blocks/mangrove_planks": {
    "criteria": {
      "has_logs": "2024-07-29 07:13:36 +0000"
    },
    "done": true
  },
  "blazeandcave:building/yay_i_got_my_wood": {
    "criteria": {
      "oak_log": "2024-07-29 08:11:54 +0000",
      "mangrove_log": "2024-07-29 07:13:36 +0000",
      "spruce_log": "2024-07-29 07:17:47 +0000"
    },
    "done": false
  },
  "blazeandcave:building/mangrove_master": {
    "criteria": {
      "mangrove_log": "2024-07-29 07:13:36 +0000",
      "mangrove_planks": "2024-07-29 07:13:43 +0000",
      "mangrove_boat": "2024-07-29 07:59:39 +0000"
    },
    "done": false
  },
  "minecraft:recipes/misc/charcoal": {
    "criteria": {
      "has_log": "2024-07-29 07:13:36 +0000"
    },
    "done": true
  },
  "mcwbridges:recipes/mangrove_bridge_pier": {
    "criteria": {
      "has_planks": "2024-07-29 07:13:36 +0000"
    },
    "done": true
  },
  "blazeandcave:challenges/all_the_blocks": {
    "criteria": {
      "spruce_sapling": "2024-07-29 07:17:46 +0000",
      "white_wool": "2024-07-29 07:40:34 +0000",
      "ochre_froglight": "2024-07-29 07:47:01 +0000",
      "crafting_table": "2024-07-29 07:13:49 +0000",
      "anvil": "2024-07-29 07:42:17 +0000",
      "rail": "2024-07-29 07:16:28 +0000",
      "brewing_stand": "2024-07-29 08:17:18 +0000",
      "iron_block": "2024-07-29 07:42:17 +0000",
      "mangrove_log": "2024-07-29 07:13:36 +0000",
      "oak_door": "2024-07-29 08:28:55 +0000",
      "mangrove_planks": "2024-07-29 07:13:43 +0000",
      "clay": "2024-07-29 08:26:45 +0000",
      "dispenser": "2024-07-29 07:17:01 +0000",
      "raw_gold_block": "2024-07-29 07:44:56 +0000",
      "yellow_glazed_terracotta": "2024-07-29 07:45:53 +0000",
      "gold_block": "2024-07-29 07:43:28 +0000",
      "oak_log": "2024-07-29 08:11:54 +0000",
      "spruce_planks": "2024-07-29 07:18:11 +0000",
      "big_dripleaf": "2024-07-29 08:25:19 +0000",
      "magma_block": "2024-07-29 07:16:52 +0000",
      "dark_oak_slab": "2024-07-29 07:38:07 +0000",
      "spruce_log": "2024-07-29 07:17:47 +0000",
      "spruce_wood": "2024-07-29 07:15:13 +0000"
    },
    "done": false
  },
  "minecraft:recipes/building_blocks/mangrove_wood": {
    "criteria": {
      "has_log": "2024-07-29 07:13:36 +0000"
    },
    "done": true
  },
  "blazeandcave:bacap/getting_wood": {
    "criteria": {
      "mangrove_log": "2024-07-29 07:13:36 +0000"
    },
    "done": true
  },
  "betternether:recipes/redstone/piston": {
    "criteria": {
      "has_tag_minecraft_planks": "2024-07-29 07:13:43 +0000"
    },
    "done": true
  },
  "minecraft:recipes/misc/stick": {
    "criteria": {
      "has_planks": "2024-07-29 07:13:43 +0000"
    },
    "done": true
  },
  "minecraft:recipes/redstone/mangrove_pressure_plate": {
    "criteria": {
      "has_planks": "2024-07-29 07:13:43 +0000"
    },
    "done": true
  },
  "minecraft:recipes/decorations/mangrove_sign": {
    "criteria": {
      "has_planks": "2024-07-29 07:13:43 +0000"
    },
    "done": true
  },
  "minecraft:recipes/decorations/barrel": {
    "criteria": {
      "has_planks": "2024-07-29 07:13:43 +0000"
    },
    "done": true
  },
  "bclib:recipes/redstone/tag_piston": {
    "criteria": {
      "has_tag_minecraft_planks": "2024-07-29 07:13:43 +0000"
    },
    "done": true
  },
  "minecraft:recipes/building_blocks/mangrove_stairs": {
    "criteria": {
      "has_planks": "2024-07-29 07:13:43 +0000"
    },
    "done": true
  },
  "mcwbridges:recipes/rope_mangrove_bridge": {
    "criteria": {
      "has_planks": "2024-07-29 07:13:43 +0000"
    },
    "done": true
  },
  "bclib:recipes/decorations/tag_smith_table": {
    "criteria": {
      "has_tag_minecraft_planks": "2024-07-29 07:13:43 +0000"
    },
    "done": true
  },
  "minecraft:recipes/redstone/mangrove_door": {
    "criteria": {
      "has_planks": "2024-07-29 07:13:43 +0000"
    },
    "done": true
  },
  "bclib:recipes/combat/tag_shield": {
    "criteria": {
      "has_tag_minecraft_planks": "2024-07-29 07:13:43 +0000"
    },
    "done": true
  },
  "betternether:recipes/combat/shield": {
    "criteria": {
      "has_tag_minecraft_planks": "2024-07-29 07:13:43 +0000"
    },
    "done": true
  },
  "minecraft:recipes/decorations/mangrove_fence": {
    "criteria": {
      "has_planks": "2024-07-29 07:13:43 +0000"
    },
    "done": true
  },
  "mcwbridges:recipes/mangrove_rail_bridge": {
    "criteria": {
      "has_planks": "2024-07-29 07:13:43 +0000"
    },
    "done": true
  },
  "minecraft:recipes/redstone/mangrove_trapdoor": {
    "criteria": {
      "has_planks": "2024-07-29 07:13:43 +0000"
    },
    "done": true
  },
  "minecraft:recipes/redstone/mangrove_fence_gate": {
    "criteria": {
      "has_planks": "2024-07-29 07:13:43 +0000"
    },
    "done": true
  },
  "minecraft:recipes/redstone/mangrove_button": {
    "criteria": {
      "has_planks": "2024-07-29 07:13:43 +0000"
    },
    "done": true
  },
  "mcwbridges:recipes/mangrove_log_bridge_middle": {
    "criteria": {
      "has_planks": "2024-07-29 07:13:43 +0000"
    },
    "done": true
  },
  "minecraft:recipes/building_blocks/mangrove_slab": {
    "criteria": {
      "has_planks": "2024-07-29 07:13:43 +0000"
    },
    "done": true
  },
  "travelersbackpack:recipes/misc/crafting_upgrade": {
    "criteria": {
      "has_crafting_table": "2024-07-29 07:13:49 +0000"
    },
    "done": true
  },
  "blazeandcave:building/root": {
    "criteria": {
      "crafting_table": "2024-07-29 07:13:49 +0000"
    },
    "done": true
  },
  "blazeandcave:technical/bacap_branch_end": {
    "criteria": {
      "crafting_table": "2024-07-29 07:13:49 +0000"
    },
    "done": true
  },
  "minecraft:story/root": {
    "criteria": {
      "crafting_table": "2024-07-29 07:13:49 +0000"
    },
    "done": true
  },
  "minecraft:recipes/decorations/ladder": {
    "criteria": {
      "has_stick": "2024-07-29 07:13:50 +0000"
    },
    "done": true
  },
  "betternether:recipes/decorations/wart_ladder": {
    "criteria": {
      "has_stick": "2024-07-29 07:13:50 +0000"
    },
    "done": true
  },
  "betternether:recipes/decorations/nether_reed_fence": {
    "criteria": {
      "has_stick": "2024-07-29 07:13:50 +0000"
    },
    "done": true
  },
  "betternether:recipes/decorations/mushroom_fir_bar_stool": {
    "criteria": {
      "has_stick": "2024-07-29 07:13:50 +0000"
    },
    "done": true
  },
  "betternether:recipes/decorations/willow_taburet": {
    "criteria": {
      "has_stick": "2024-07-29 07:13:50 +0000"
    },
    "done": true
  },
  "betternether:recipes/decorations/birch_bar_stool": {
    "criteria": {
      "has_stick": "2024-07-29 07:13:50 +0000"
    },
    "done": true
  },
  "betternether:recipes/decorations/warped_chair": {
    "criteria": {
      "has_stick": "2024-07-29 07:13:50 +0000"
    },
    "done": true
  },
  "betternether:recipes/redstone/rubeus_gate": {
    "criteria": {
      "has_stick": "2024-07-29 07:13:50 +0000"
    },
    "done": true
  },
  "betternether:recipes/decorations/wart_fence": {
    "criteria": {
      "has_stick": "2024-07-29 07:13:50 +0000"
    },
    "done": true
  },
  "betternether:recipes/decorations/chair_cincinnasite": {
    "criteria": {
      "has_stick": "2024-07-29 07:13:50 +0000"
    },
    "done": true
  },
  "betternether:recipes/decorations/rubeus_taburet": {
    "criteria": {
      "has_stick": "2024-07-29 07:13:50 +0000"
    },
    "done": true
  },
  "betternether:recipes/decorations/crimson_chair": {
    "criteria": {
      "has_stick": "2024-07-29 07:13:50 +0000"
    },
    "done": true
  },
  "minecraft:recipes/tools/wooden_axe": {
    "criteria": {
      "has_stick": "2024-07-29 07:13:50 +0000"
    },
    "done": true
  },
  "betternether:recipes/decorations/crimson_bar_stool": {
    "criteria": {
      "has_stick": "2024-07-29 07:13:50 +0000"
    },
    "done": true
  },
  "betternether:recipes/decorations/jungle_bar_stool": {
    "criteria": {
      "has_stick": "2024-07-29 07:13:50 +0000"
    },
    "done": true
  },
  "betternether:recipes/decorations/wart_bar_stool": {
    "criteria": {
      "has_stick": "2024-07-29 07:13:50 +0000"
    },
    "done": true
  },
  "betternether:recipes/decorations/bamboo_chair": {
    "criteria": {
      "has_stick": "2024-07-29 07:13:50 +0000"
    },
    "done": true
  },
  "betternether:recipes/decorations/oak_taburet": {
    "criteria": {
      "has_stick": "2024-07-29 07:13:50 +0000"
    },
    "done": true
  },
  "betternether:recipes/decorations/cherry_taburet": {
    "criteria": {
      "has_stick": "2024-07-29 07:13:50 +0000"
    },
    "done": true
  },
  "betternether:recipes/decorations/nether_mushroom_bar_stool": {
    "criteria": {
      "has_stick": "2024-07-29 07:13:50 +0000"
    },
    "done": true
  },
  "betternether:recipes/decorations/willow_fence": {
    "criteria": {
      "has_stick": "2024-07-29 07:13:50 +0000"
    },
    "done": true
  },
  "betternether:recipes/decorations/bamboo_taburet": {
    "criteria": {
      "has_stick": "2024-07-29 07:13:50 +0000"
    },
    "done": true
  },
  "betternether:recipes/decorations/birch_chair": {
    "criteria": {
      "has_stick": "2024-07-29 07:13:50 +0000"
    },
    "done": true
  },
  "betternether:recipes/decorations/anchor_tree_bar_stool": {
    "criteria": {
      "has_stick": "2024-07-29 07:13:50 +0000"
    },
    "done": true
  },
  "betternether:recipes/decorations/crimson_taburet": {
    "criteria": {
      "has_stick": "2024-07-29 07:13:50 +0000"
    },
    "done": true
  },
  "betternether:recipes/decorations/anchor_tree_sign": {
    "criteria": {
      "has_stick": "2024-07-29 07:13:50 +0000"
    },
    "done": true
  },
  "betternether:recipes/transportation/rail": {
    "criteria": {
      "has_stick": "2024-07-29 07:13:50 +0000"
    },
    "done": true
  },
  "betternether:recipes/decorations/wart_sign": {
    "criteria": {
      "has_stick": "2024-07-29 07:13:50 +0000"
    },
    "done": true
  },
  "betternether:recipes/decorations/rubeus_chair": {
    "criteria": {
      "has_stick": "2024-07-29 07:13:50 +0000"
    },
    "done": true
  },
  "betternether:recipes/decorations/stalagnate_chair": {
    "criteria": {
      "has_stick": "2024-07-29 07:13:50 +0000"
    },
    "done": true
  },
  "betternether:recipes/redstone/mushroom_fir_gate": {
    "criteria": {
      "has_stick": "2024-07-29 07:13:50 +0000"
    },
    "done": true
  },
  "betternether:recipes/decorations/oak_bar_stool": {
    "criteria": {
      "has_stick": "2024-07-29 07:13:50 +0000"
    },
    "done": true
  },
  "betternether:recipes/decorations/birch_taburet": {
    "criteria": {
      "has_stick": "2024-07-29 07:13:50 +0000"
    },
    "done": true
  },
  "betternether:recipes/redstone/stalagnate_gate": {
    "criteria": {
      "has_stick": "2024-07-29 07:13:50 +0000"
    },
    "done": true
  },
  "betternether:recipes/decorations/nether_reed_sign": {
    "criteria": {
      "has_stick": "2024-07-29 07:13:50 +0000"
    },
    "done": true
  },
  "betternether:recipes/decorations/nether_reed_ladder": {
    "criteria": {
      "has_stick": "2024-07-29 07:13:50 +0000"
    },
    "done": true
  },
  "betternether:recipes/decorations/nether_reed_bar_stool": {
    "criteria": {
      "has_stick": "2024-07-29 07:13:50 +0000"
    },
    "done": true
  },
  "betternether:recipes/decorations/acacia_taburet": {
    "criteria": {
      "has_stick": "2024-07-29 07:13:50 +0000"
    },
    "done": true
  },
  "minecraft:recipes/decorations/campfire": {
    "criteria": {
      "has_stick": "2024-07-29 07:13:50 +0000"
    },
    "done": true
  },
  "minecraft:recipes/tools/wooden_hoe": {
    "criteria": {
      "has_stick": "2024-07-29 07:13:50 +0000"
    },
    "done": true
  },
  "betternether:recipes/decorations/mushroom_fir_fence": {
    "criteria": {
      "has_stick": "2024-07-29 07:13:50 +0000"
    },
    "done": true
  },
  "betternether:recipes/decorations/oak_chair": {
    "criteria": {
      "has_stick": "2024-07-29 07:13:50 +0000"
    },
    "done": true
  },
  "betternether:recipes/decorations/willow_ladder": {
    "criteria": {
      "has_stick": "2024-07-29 07:13:50 +0000"
    },
    "done": true
  },
  "betternether:recipes/decorations/jungle_chair": {
    "criteria": {
      "has_stick": "2024-07-29 07:13:50 +0000"
    },
    "done": true
  },
  "betternether:recipes/decorations/nether_sakura_fence": {
    "criteria": {
      "has_stick": "2024-07-29 07:13:50 +0000"
    },
    "done": true
  },
  "betternether:recipes/redstone/anchor_tree_gate": {
    "criteria": {
      "has_stick": "2024-07-29 07:13:50 +0000"
    },
    "done": true
  },
  "betternether:recipes/decorations/mushroom_fir_ladder": {
    "criteria": {
      "has_stick": "2024-07-29 07:13:50 +0000"
    },
    "done": true
  },
  "betternether:recipes/decorations/nether_sakura_ladder": {
    "criteria": {
      "has_stick": "2024-07-29 07:13:50 +0000"
    },
    "done": true
  },
  "minecraft:recipes/tools/wooden_shovel": {
    "criteria": {
      "has_stick": "2024-07-29 07:13:50 +0000"
    },
    "done": true
  },
  "betternether:recipes/decorations/nether_sakura_bar_stool": {
    "criteria": {
      "has_stick": "2024-07-29 07:13:50 +0000"
    },
    "done": true
  },
  "betternether:recipes/decorations/bamboo_bar_stool": {
    "criteria": {
      "has_stick": "2024-07-29 07:13:50 +0000"
    },
    "done": true
  },
  "betternether:recipes/decorations/dark_oak_taburet": {
    "criteria": {
      "has_stick": "2024-07-29 07:13:50 +0000"
    },
    "done": true
  },
  "betternether:recipes/decorations/mushroom_fir_taburet": {
    "criteria": {
      "has_stick": "2024-07-29 07:13:50 +0000"
    },
    "done": true
  },
  "minecraft:recipes/combat/wooden_sword": {
    "criteria": {
      "has_stick": "2024-07-29 07:13:50 +0000"
    },
    "done": true
  },
  "betternether:recipes/redstone/nether_sakura_gate": {
    "criteria": {
      "has_stick": "2024-07-29 07:13:50 +0000"
    },
    "done": true
  },
  "betternether:recipes/redstone/nether_reed_gate": {
    "criteria": {
      "has_stick": "2024-07-29 07:13:50 +0000"
    },
    "done": true
  },
  "betternether:recipes/decorations/mushroom_fir_sign": {
    "criteria": {
      "has_stick": "2024-07-29 07:13:50 +0000"
    },
    "done": true
  },
  "betternether:recipes/decorations/nether_mushroom_taburet": {
    "criteria": {
      "has_stick": "2024-07-29 07:13:50 +0000"
    },
    "done": true
  },
  "betternether:recipes/decorations/cherry_bar_stool": {
    "criteria": {
      "has_stick": "2024-07-29 07:13:50 +0000"
    },
    "done": true
  },
  "betternether:recipes/decorations/dark_oak_bar_stool": {
    "criteria": {
      "has_stick": "2024-07-29 07:13:50 +0000"
    },
    "done": true
  },
  "betternether:recipes/decorations/mushroom_fir_chair": {
    "criteria": {
      "has_stick": "2024-07-29 07:13:50 +0000"
    },
    "done": true
  },
  "betternether:recipes/decorations/mangrove_chair": {
    "criteria": {
      "has_stick": "2024-07-29 07:13:50 +0000"
    },
    "done": true
  },
  "betternether:recipes/decorations/warped_taburet": {
    "criteria": {
      "has_stick": "2024-07-29 07:13:50 +0000"
    },
    "done": true
  },
  "betternether:recipes/decorations/stalagnate_ladder": {
    "criteria": {
      "has_stick": "2024-07-29 07:13:50 +0000"
    },
    "done": true
  },
  "betternether:recipes/decorations/nether_sakura_chair": {
    "criteria": {
      "has_stick": "2024-07-29 07:13:50 +0000"
    },
    "done": true
  },
  "betternether:recipes/redstone/nether_mushroom_gate": {
    "criteria": {
      "has_stick": "2024-07-29 07:13:50 +0000"
    },
    "done": true
  },
  "betternether:recipes/decorations/dark_oak_chair": {
    "criteria": {
      "has_stick": "2024-07-29 07:13:50 +0000"
    },
    "done": true
  },
  "betternether:recipes/decorations/anchor_tree_chair": {
    "criteria": {
      "has_stick": "2024-07-29 07:13:50 +0000"
    },
    "done": true
  },
  "betternether:recipes/decorations/warped_bar_stool": {
    "criteria": {
      "has_stick": "2024-07-29 07:13:50 +0000"
    },
    "done": true
  },
  "betternether:recipes/decorations/anchor_tree_taburet": {
    "criteria": {
      "has_stick": "2024-07-29 07:13:50 +0000"
    },
    "done": true
  },
  "betternether:recipes/decorations/warped_ladder": {
    "criteria": {
      "has_stick": "2024-07-29 07:13:50 +0000"
    },
    "done": true
  },
  "betternether:recipes/decorations/stalagnate_taburet": {
    "criteria": {
      "has_stick": "2024-07-29 07:13:50 +0000"
    },
    "done": true
  },
  "betternether:recipes/decorations/acacia_chair": {
    "criteria": {
      "has_stick": "2024-07-29 07:13:50 +0000"
    },
    "done": true
  },
  "betternether:recipes/decorations/spruce_taburet": {
    "criteria": {
      "has_stick": "2024-07-29 07:13:50 +0000"
    },
    "done": true
  },
  "bclib:recipes/transportation/tag_rail": {
    "criteria": {
      "has_stick": "2024-07-29 07:13:50 +0000"
    },
    "done": true
  },
  "betternether:recipes/decorations/wart_taburet": {
    "criteria": {
      "has_stick": "2024-07-29 07:13:50 +0000"
    },
    "done": true
  },
  "betternether:recipes/decorations/bar_stool_cincinnasite": {
    "criteria": {
      "has_stick": "2024-07-29 07:13:50 +0000"
    },
    "done": true
  },
  "betternether:recipes/decorations/rubeus_ladder": {
    "criteria": {
      "has_stick": "2024-07-29 07:13:50 +0000"
    },
    "done": true
  },
  "betternether:recipes/decorations/willow_sign": {
    "criteria": {
      "has_stick": "2024-07-29 07:13:50 +0000"
    },
    "done": true
  },
  "betternether:recipes/decorations/mangrove_bar_stool": {
    "criteria": {
      "has_stick": "2024-07-29 07:13:50 +0000"
    },
    "done": true
  },
  "betternether:recipes/decorations/rubeus_sign": {
    "criteria": {
      "has_stick": "2024-07-29 07:13:50 +0000"
    },
    "done": true
  },
  "betternether:recipes/decorations/acacia_bar_stool": {
    "criteria": {
      "has_stick": "2024-07-29 07:13:50 +0000"
    },
    "done": true
  },
  "betternether:recipes/decorations/willow_bar_stool": {
    "criteria": {
      "has_stick": "2024-07-29 07:13:50 +0000"
    },
    "done": true
  },
  "betternether:recipes/decorations/rubeus_fence": {
    "criteria": {
      "has_stick": "2024-07-29 07:13:50 +0000"
    },
    "done": true
  },
  "betternether:recipes/decorations/nether_reed_chair": {
    "criteria": {
      "has_stick": "2024-07-29 07:13:50 +0000"
    },
    "done": true
  },
  "betternether:recipes/redstone/wart_gate": {
    "criteria": {
      "has_stick": "2024-07-29 07:13:50 +0000"
    },
    "done": true
  },
  "betternether:recipes/decorations/nether_sakura_taburet": {
    "criteria": {
      "has_stick": "2024-07-29 07:13:50 +0000"
    },
    "done": true
  },
  "minecraft:recipes/tools/wooden_pickaxe": {
    "criteria": {
      "has_stick": "2024-07-29 07:13:50 +0000"
    },
    "done": true
  },
  "betternether:recipes/decorations/jungle_taburet": {
    "criteria": {
      "has_stick": "2024-07-29 07:13:50 +0000"
    },
    "done": true
  },
  "betternether:recipes/decorations/stalagnate_sign": {
    "criteria": {
      "has_stick": "2024-07-29 07:13:50 +0000"
    },
    "done": true
  },
  "betternether:recipes/decorations/anchor_tree_fence": {
    "criteria": {
      "has_stick": "2024-07-29 07:13:50 +0000"
    },
    "done": true
  },
  "blazeandcave:challenges/all_the_items": {
    "criteria": {
      "chainmail_helmet": "2024-07-29 08:56:30 +0000",
      "copper_ingot": "2024-07-29 08:01:06 +0000",
      "arrow": "2024-07-29 09:00:08 +0000",
      "ender_eye": "2024-07-29 08:59:22 +0000",
      "iron_chestplate": "2024-07-29 08:56:15 +0000",
      "baked_potato": "2024-07-29 07:39:25 +0000",
      "bowl": "2024-07-29 08:13:09 +0000",
      "iron_ingot": "2024-07-29 07:17:03 +0000",
      "iron_axe": "2024-07-29 07:17:39 +0000",
      "apple": "2024-07-29 08:29:13 +0000",
      "tipped_arrow": "2024-07-29 07:16:53 +0000",
      "iron_boots": "2024-07-29 08:56:22 +0000",
      "gold_ingot": "2024-07-29 07:17:02 +0000",
      "potato": "2024-07-29 07:39:34 +0000",
      "lapis_lazuli": "2024-07-29 08:16:56 +0000",
      "iron_pickaxe": "2024-07-29 07:42:09 +0000",
      "stick": "2024-07-29 07:13:50 +0000",
      "wheat": "2024-07-29 07:40:36 +0000",
      "iron_helmet": "2024-07-29 07:41:09 +0000",
      "bread": "2024-07-29 07:22:05 +0000",
      "suspicious_stew": "2024-07-29 08:12:32 +0000",
      "oak_chest_boat": "2024-07-29 08:14:19 +0000",
      "rotten_flesh": "2024-07-29 08:16:12 +0000",
      "chainmail_leggings": "2024-07-29 08:56:20 +0000",
      "bone": "2024-07-29 09:00:08 +0000",
      "iron_horse_armor": "2024-07-29 07:17:05 +0000",
      "gunpowder": "2024-07-29 08:12:27 +0000",
      "chainmail_chestplate": "2024-07-29 08:56:26 +0000",
      "mangrove_boat": "2024-07-29 07:59:39 +0000",
      "item_frame": "2024-07-29 08:56:08 +0000",
      "diamond": "2024-07-29 08:27:25 +0000",
      "sugar_cane": "2024-07-29 07:54:03 +0000",
      "golden_helmet": "2024-07-29 07:46:09 +0000",
      "oak_boat": "2024-07-29 08:14:16 +0000",
      "nautilus_shell": "2024-07-29 08:12:16 +0000",
      "redstone": "2024-07-29 08:17:01 +0000",
      "emerald": "2024-07-29 08:56:51 +0000",
      "carrot": "2024-07-29 07:22:06 +0000"
    },
    "done": false
  },
  "betternether:recipes/decorations/nether_mushroom_fence": {
    "criteria": {
      "has_stick": "2024-07-29 07:13:50 +0000"
    },
    "done": true
  },
  "betternether:recipes/decorations/nether_sakura_sign": {
    "criteria": {
      "has_stick": "2024-07-29 07:13:50 +0000"
    },
    "done": true
  },
  "betternether:recipes/decorations/rubeus_bar_stool": {
    "criteria": {
      "has_stick": "2024-07-29 07:13:50 +0000"
    },
    "done": true
  },
  "betternether:recipes/decorations/wart_chair": {
    "criteria": {
      "has_stick": "2024-07-29 07:13:50 +0000"
    },
    "done": true
  },
  "blazeandcave:bacap/building_milestone": {
    "criteria": {
      "cut_in_half": "2024-07-29 07:38:08 +0000",
      "help_ive_been_framed": "2024-07-29 08:56:09 +0000",
      "root": "2024-07-29 07:13:50 +0000",
      "barking_mad": "2024-07-29 07:15:14 +0000",
      "ladder_climbers_inc": "2024-07-29 08:16:48 +0000",
      "your_door_was_locked": "2024-07-29 08:28:56 +0000"
    },
    "done": false
  },
  "betternether:recipes/decorations/nether_mushroom_ladder": {
    "criteria": {
      "has_stick": "2024-07-29 07:13:50 +0000"
    },
    "done": true
  },
  "betternether:recipes/decorations/nether_reed_taburet": {
    "criteria": {
      "has_stick": "2024-07-29 07:13:50 +0000"
    },
    "done": true
  },
  "betternether:recipes/decorations/stalagnate_fence": {
    "criteria": {
      "has_stick": "2024-07-29 07:13:50 +0000"
    },
    "done": true
  },
  "betternether:recipes/decorations/nether_mushroom_chair": {
    "criteria": {
      "has_stick": "2024-07-29 07:13:50 +0000"
    },
    "done": true
  },
  "betternether:recipes/decorations/nether_mushroom_sign": {
    "criteria": {
      "has_stick": "2024-07-29 07:13:50 +0000"
    },
    "done": true
  },
  "betternether:recipes/decorations/spruce_chair": {
    "criteria": {
      "has_stick": "2024-07-29 07:13:50 +0000"
    },
    "done": true
  },
  "betternether:recipes/decorations/mangrove_taburet": {
    "criteria": {
      "has_stick": "2024-07-29 07:13:50 +0000"
    },
    "done": true
  },
  "betternether:recipes/decorations/anchor_tree_ladder": {
    "criteria": {
      "has_stick": "2024-07-29 07:13:50 +0000"
    },
    "done": true
  },
  "betternether:recipes/transportation/activator_rail": {
    "criteria": {
      "has_stick": "2024-07-29 07:13:50 +0000"
    },
    "done": true
  },
  "betternether:recipes/decorations/cherry_chair": {
    "criteria": {
      "has_stick": "2024-07-29 07:13:50 +0000"
    },
    "done": true
  },
  "betternether:recipes/redstone/willow_gate": {
    "criteria": {
      "has_stick": "2024-07-29 07:13:50 +0000"
    },
    "done": true
  },
  "betternether:recipes/decorations/willow_chair": {
    "criteria": {
      "has_stick": "2024-07-29 07:13:50 +0000"
    },
    "done": true
  },
  "betternether:recipes/decorations/spruce_bar_stool": {
    "criteria": {
      "has_stick": "2024-07-29 07:13:50 +0000"
    },
    "done": true
  },
  "betternether:recipes/decorations/taburet_cincinnasite": {
    "criteria": {
      "has_stick": "2024-07-29 07:13:50 +0000"
    },
    "done": true
  },
  "betternether:recipes/decorations/stalagnate_bar_stool": {
    "criteria": {
      "has_stick": "2024-07-29 07:13:50 +0000"
    },
    "done": true
  },
  "betternether:recipes/decorations/crimson_ladder": {
    "criteria": {
      "has_stick": "2024-07-29 07:13:50 +0000"
    },
    "done": true
  },
  "gravestones:recipes/decorations/gravestone": {
    "criteria": {
      "has_stick": "2024-07-29 07:13:50 +0000"
    },
    "done": true
  },
  "blazeandcave:challenges/explorer_of_worlds": {
    "criteria": {
      "frozen_ocean": "2024-07-29 07:38:43 +0000",
      "frozen_river": "2024-07-29 07:53:49 +0000",
      "forest": "2024-07-29 07:56:20 +0000",
      "snowy_plains": "2024-07-29 07:38:16 +0000",
      "taiga": "2024-07-29 07:56:23 +0000",
      "lush_caves": "2024-07-29 08:24:54 +0000",
      "cold_ocean": "2024-07-29 07:59:42 +0000",
      "snowy_taiga": "2024-07-29 07:14:08 +0000",
      "deep_frozen_ocean": "2024-07-29 07:51:29 +0000",
      "deep_cold_ocean": "2024-07-29 08:00:08 +0000",
      "windswept_hills": "2024-07-29 07:56:42 +0000",
      "plains": "2024-07-29 08:16:34 +0000",
      "beach": "2024-07-29 07:56:50 +0000",
      "windswept_gravelly_hills": "2024-07-29 07:58:37 +0000",
      "river": "2024-07-29 08:15:55 +0000",
      "snowy_beach": "2024-07-29 07:13:59 +0000"
    },
    "done": false
  },
  "minecraft:adventure/adventuring_time": {
    "criteria": {
      "frozen_ocean": "2024-07-29 07:38:43 +0000",
      "forest": "2024-07-29 07:56:20 +0000",
      "snowy_plains": "2024-07-29 07:38:16 +0000",
      "windswept_hills": "2024-07-29 07:56:42 +0000",
      "taiga": "2024-07-29 07:56:23 +0000",
      "plains": "2024-07-29 08:16:34 +0000",
      "beach": "2024-07-29 07:13:59 +0000",
      "cold_ocean": "2024-07-29 07:59:42 +0000",
      "river": "2024-07-29 07:53:49 +0000",
      "snowy_taiga": "2024-07-29 07:14:08 +0000"
    },
    "done": false
  },
  "blazeandcave:biomes/the_boreal_deal": {
    "criteria": {
      "taiga": "2024-07-29 07:56:23 +0000",
      "siberian_taiga": "2024-07-29 07:53:14 +0000",
      "snowy_taiga": "2024-07-29 07:14:08 +0000"
    },
    "done": false
  },
  "repurposed_structures:temples": {
    "criteria": {
      "in_temple_taiga": "2024-07-29 07:14:10 +0000"
    },
    "done": false
  },
  "blazeandcave:mining/heart_of_darkness": {
    "criteria": {
      "enter_cave": "2024-07-29 07:15:01 +0000"
    },
    "done": true
  },
  "blazeandcave:bacap/mining_milestone": {
    "criteria": {
      "diam_oh_wait_no": "2024-07-29 08:16:56 +0000",
      "diamonds": "2024-07-29 08:27:25 +0000",
      "acquire_hardware": "2024-07-29 07:17:03 +0000",
      "leaflet_drop": "2024-07-29 08:25:19 +0000",
      "diamonds_to_you": "2024-07-29 08:27:25 +0000",
      "deep_slate_nine": "2024-07-29 08:24:55 +0000",
      "seeing_red": "2024-07-29 08:17:01 +0000",
      "isnt_it_iron_pick": "2024-07-29 07:42:09 +0000",
      "master_gold_miner": "2024-07-29 07:46:09 +0000",
      "gold_rush": "2024-07-29 07:17:03 +0000",
      "root": "2024-07-29 07:42:09 +0000",
      "heart_of_darkness": "2024-07-29 07:15:02 +0000",
      "youll_never_take_me_alive_copper": "2024-07-29 08:01:07 +0000",
      "suit_up": "2024-07-29 07:41:11 +0000"
    },
    "done": false
  },
  "blazeandcave:bacap/redstone_milestone": {
    "criteria": {
      "leveraging_synergy": "2024-07-29 07:15:03 +0000",
      "all_aboard": "2024-07-29 07:16:28 +0000",
      "root": "2024-07-29 08:17:01 +0000",
      "under_pressure": "2024-07-29 08:59:32 +0000",
      "dispense_with_this": "2024-07-29 07:17:02 +0000"
    },
    "done": false
  },
  "blazeandcave:redstone/leveraging_synergy": {
    "criteria": {
      "lever": "2024-07-29 07:15:03 +0000"
    },
    "done": true
  },
  "blazeandcave:building/barking_mad": {
    "criteria": {
      "oak_wood": "2024-07-29 07:15:13 +0000"
    },
    "done": true
  },
  "blazeandcave:building/spruce_lee": {
    "criteria": {
      "spruce_planks": "2024-07-29 07:18:11 +0000",
      "spruce_log": "2024-07-29 07:17:47 +0000",
      "spruce_wood": "2024-07-29 07:15:13 +0000"
    },
    "done": false
  },
  "minecraft:recipes/building_blocks/spruce_planks": {
    "criteria": {
      "has_logs": "2024-07-29 07:15:13 +0000"
    },
    "done": true
  },
  "blazeandcave:redstone/engineer": {
    "criteria": {
      "dispenser": "2024-07-29 07:17:01 +0000",
      "white_wool": "2024-07-29 07:40:34 +0000",
      "oak_chest_boat": "2024-07-29 08:14:19 +0000",
      "rail": "2024-07-29 07:16:28 +0000",
      "big_dripleaf": "2024-07-29 08:25:19 +0000",
      "oak_door": "2024-07-29 08:28:55 +0000",
      "redstone": "2024-07-29 08:17:01 +0000"
    },
    "done": false
  },
  "minecraft:recipes/transportation/activator_rail": {
    "criteria": {
      "has_rail": "2024-07-29 07:16:28 +0000"
    },
    "done": true
  },
  "blazeandcave:redstone/all_aboard": {
    "criteria": {
      "minecart": "2024-07-29 07:16:28 +0000"
    },
    "done": true
  },
  "minecraft:recipes/transportation/powered_rail": {
    "criteria": {
      "has_rail": "2024-07-29 07:16:28 +0000"
    },
    "done": true
  },
  "minecraft:recipes/transportation/detector_rail": {
    "criteria": {
      "has_rail": "2024-07-29 07:16:28 +0000"
    },
    "done": true
  },
  "blazeandcave:technical/fail_dragon_vs": {
    "criteria": {
      "ride": "2024-07-29 07:16:28 +0000"
    },
    "done": true
  },
  "vanilla_refresh:player/hurt": {
    "criteria": {
      "requirement": "2024-07-29 07:16:30 +0000"
    },
    "done": true
  },
  "blazeandcave:potion/a_much_more_doable_challenge": {
    "criteria": {
      "weakness": "2024-07-29 08:13:09 +0000",
      "night_vision": "2024-07-29 07:42:44 +0000",
      "mining_fatigue": "2024-07-29 08:00:36 +0000",
      "poison": "2024-07-29 07:16:30 +0000",
      "slowness": "2024-07-29 08:00:36 +0000"
    },
    "done": false
  },
  "blazeandcave:potion/furious_ammunition": {
    "criteria": {
      "long_weakness": "2024-07-29 08:01:08 +0000",
      "normal_poison": "2024-07-29 07:16:53 +0000"
    },
    "done": false
  },
  "blazeandcave:redstone/dispense_with_this": {
    "criteria": {
      "dispenser": "2024-07-29 07:17:01 +0000"
    },
    "done": true
  },
  "minecraft:recipes/tools/golden_axe": {
    "criteria": {
      "has_gold_ingot": "2024-07-29 07:17:02 +0000"
    },
    "done": true
  },
  "minecraft:recipes/tools/golden_pickaxe": {
    "criteria": {
      "has_gold_ingot": "2024-07-29 07:17:02 +0000"
    },
    "done": true
  },
  "minecraft:recipes/misc/gold_nugget": {
    "criteria": {
      "has_gold_ingot": "2024-07-29 07:17:02 +0000"
    },
    "done": true
  },
  "minecraft:recipes/tools/golden_shovel": {
    "criteria": {
      "has_gold_ingot": "2024-07-29 07:17:02 +0000"
    },
    "done": true
  },
  "minecraft:recipes/food/golden_apple": {
    "criteria": {
      "has_gold_ingot": "2024-07-29 07:17:02 +0000"
    },
    "done": true
  },
  "minecraft:recipes/combat/golden_boots": {
    "criteria": {
      "has_gold_ingot": "2024-07-29 07:17:02 +0000"
    },
    "done": true
  },
  "minecraft:recipes/combat/golden_chestplate": {
    "criteria": {
      "has_gold_ingot": "2024-07-29 07:17:02 +0000"
    },
    "done": true
  },
  "travelersbackpack:recipes/misc/gold": {
    "criteria": {
      "has_gold_ingot": "2024-07-29 07:17:02 +0000"
    },
    "done": true
  },
  "minecraft:recipes/redstone/light_weighted_pressure_plate": {
    "criteria": {
      "has_gold_ingot": "2024-07-29 07:17:02 +0000"
    },
    "done": true
  },
  "minecraft:recipes/combat/golden_sword": {
    "criteria": {
      "has_gold_ingot": "2024-07-29 07:17:02 +0000"
    },
    "done": true
  },
  "minecraft:recipes/building_blocks/gold_block": {
    "criteria": {
      "has_gold_ingot": "2024-07-29 07:17:02 +0000"
    },
    "done": true
  },
  "blazeandcave:mining/gold_rush": {
    "criteria": {
      "gold_ingot": "2024-07-29 07:17:02 +0000"
    },
    "done": true
  },
  "minecraft:recipes/combat/golden_helmet": {
    "criteria": {
      "has_gold_ingot": "2024-07-29 07:17:02 +0000"
    },
    "done": true
  },
  "travelersbackpack:recipes/misc/gold_tier_upgrade": {
    "criteria": {
      "has_gold_ingot": "2024-07-29 07:17:02 +0000"
    },
    "done": true
  },
  "minecraft:recipes/tools/golden_hoe": {
    "criteria": {
      "has_gold_ingot": "2024-07-29 07:17:02 +0000"
    },
    "done": true
  },
  "minecraft:recipes/combat/golden_leggings": {
    "criteria": {
      "has_gold_ingot": "2024-07-29 07:17:02 +0000"
    },
    "done": true
  },
  "bclib:recipes/tools/tag_compass": {
    "criteria": {
      "has_tag_c_iron_ingots": "2024-07-29 07:17:03 +0000"
    },
    "done": true
  },
  "travelersbackpack:recipes/misc/backpack_tank": {
    "criteria": {
      "has_iron": "2024-07-29 07:17:03 +0000"
    },
    "done": true
  },
  "minecraft:recipes/combat/iron_helmet": {
    "criteria": {
      "has_iron_ingot": "2024-07-29 07:17:03 +0000"
    },
    "done": true
  },
  "minecraft:recipes/decorations/chest": {
    "criteria": {
      "has_lots_of_items": "2024-07-29 07:17:03 +0000"
    },
    "done": true
  },
  "minecraft:recipes/tools/shears": {
    "criteria": {
      "has_iron_ingot": "2024-07-29 07:17:03 +0000"
    },
    "done": true
  },
  "minecraft:recipes/building_blocks/iron_block": {
    "criteria": {
      "has_iron_ingot": "2024-07-29 07:17:03 +0000"
    },
    "done": true
  },
  "mcwbridges:recipes/iron_bridge_pier": {
    "criteria": {
      "has_planks": "2024-07-29 07:17:03 +0000"
    },
    "done": true
  },
  "minecraft:recipes/redstone/hopper": {
    "criteria": {
      "has_iron_ingot": "2024-07-29 07:17:03 +0000"
    },
    "done": true
  },
  "travelersbackpack:recipes/misc/iron": {
    "criteria": {
      "has_iron_ingot": "2024-07-29 07:17:03 +0000"
    },
    "done": true
  },
  "minecraft:recipes/combat/iron_boots": {
    "criteria": {
      "has_iron_ingot": "2024-07-29 07:17:03 +0000"
    },
    "done": true
  },
  "minecraft:recipes/decorations/lantern": {
    "criteria": {
      "has_iron_ingot": "2024-07-29 07:17:03 +0000"
    },
    "done": true
  },
  "bclib:recipes/transportation/tag_minecart": {
    "criteria": {
      "has_tag_c_iron_ingots": "2024-07-29 07:17:03 +0000"
    },
    "done": true
  },
  "minecraft:recipes/tools/iron_shovel": {
    "criteria": {
      "has_iron_ingot": "2024-07-29 07:17:03 +0000"
    },
    "done": true
  },
  "bclib:recipes/misc/tag_bucket": {
    "criteria": {
      "has_tag_c_iron_ingots": "2024-07-29 07:17:03 +0000"
    },
    "done": true
  },
  "mcwbridges:recipes/iron_bridge": {
    "criteria": {
      "has_planks": "2024-07-29 07:17:03 +0000"
    },
    "done": true
  },
  "minecraft:recipes/redstone/iron_trapdoor": {
    "criteria": {
      "has_iron_ingot": "2024-07-29 07:17:03 +0000"
    },
    "done": true
  },
  "minecraft:recipes/combat/crossbow": {
    "criteria": {
      "has_iron_ingot": "2024-07-29 07:17:03 +0000"
    },
    "done": true
  },
  "minecraft:recipes/redstone/heavy_weighted_pressure_plate": {
    "criteria": {
      "has_iron_ingot": "2024-07-29 07:17:03 +0000"
    },
    "done": true
  },
  "minecraft:recipes/combat/iron_leggings": {
    "criteria": {
      "has_iron_ingot": "2024-07-29 07:17:03 +0000"
    },
    "done": true
  },
  "minecraft:recipes/combat/iron_chestplate": {
    "criteria": {
      "has_iron_ingot": "2024-07-29 07:17:03 +0000"
    },
    "done": true
  },
  "minecraft:recipes/misc/iron_nugget": {
    "criteria": {
      "has_iron_ingot": "2024-07-29 07:17:03 +0000"
    },
    "done": true
  },
  "minecraft:recipes/misc/bucket": {
    "criteria": {
      "has_iron_ingot": "2024-07-29 07:17:03 +0000"
    },
    "done": true
  },
  "minecraft:recipes/transportation/minecart": {
    "criteria": {
      "has_iron_ingot": "2024-07-29 07:17:03 +0000"
    },
    "done": true
  },
  "minecraft:recipes/tools/iron_hoe": {
    "criteria": {
      "has_iron_ingot": "2024-07-29 07:17:03 +0000"
    },
    "done": true
  },
  "minecraft:story/smelt_iron": {
    "criteria": {
      "iron": "2024-07-29 07:17:03 +0000"
    },
    "done": true
  },
  "minecraft:recipes/decorations/chain": {
    "criteria": {
      "has_iron_ingot": "2024-07-29 07:17:03 +0000"
    },
    "done": true
  },
  "minecraft:recipes/decorations/smithing_table": {
    "criteria": {
      "has_iron_ingot": "2024-07-29 07:17:03 +0000"
    },
    "done": true
  },
  "minecraft:recipes/combat/iron_sword": {
    "criteria": {
      "has_iron_ingot": "2024-07-29 07:17:03 +0000"
    },
    "done": true
  },
  "minecraft:recipes/tools/iron_pickaxe": {
    "criteria": {
      "has_iron_ingot": "2024-07-29 07:17:03 +0000"
    },
    "done": true
  },
  "minecraft:recipes/combat/shield": {
    "criteria": {
      "has_iron_ingot": "2024-07-29 07:17:03 +0000"
    },
    "done": true
  },
  "minecraft:recipes/decorations/iron_bars": {
    "criteria": {
      "has_iron_ingot": "2024-07-29 07:17:03 +0000"
    },
    "done": true
  },
  "travelersbackpack:recipes/misc/iron_tier_upgrade": {
    "criteria": {
      "has_iron_ingot": "2024-07-29 07:17:03 +0000"
    },
    "done": true
  },
  "travelersbackpack:recipes/misc/hose_nozzle": {
    "criteria": {
      "has_iron": "2024-07-29 07:17:03 +0000"
    },
    "done": true
  },
  "minecraft:recipes/tools/iron_axe": {
    "criteria": {
      "has_iron_ingot": "2024-07-29 07:17:03 +0000"
    },
    "done": true
  },
  "bclib:recipes/redstone/tag_hopper": {
    "criteria": {
      "has_tag_c_iron_ingots": "2024-07-29 07:17:03 +0000"
    },
    "done": true
  },
  "bclib:recipes/brewing/tag_cauldron": {
    "criteria": {
      "has_tag_c_iron_ingots": "2024-07-29 07:17:03 +0000"
    },
    "done": true
  },
  "mcwbridges:recipes/pliers": {
    "criteria": {
      "has_planks": "2024-07-29 07:17:03 +0000"
    },
    "done": true
  },
  "bclib:recipes/decorations/tag_stonecutter": {
    "criteria": {
      "has_tag_c_iron_ingots": "2024-07-29 07:17:03 +0000"
    },
    "done": true
  },
  "minecraft:recipes/redstone/iron_door": {
    "criteria": {
      "has_iron_ingot": "2024-07-29 07:17:03 +0000"
    },
    "done": true
  },
  "minecraft:recipes/misc/iron_nugget_from_smelting": {
    "criteria": {
      "has_iron_horse_armor": "2024-07-29 07:17:05 +0000"
    },
    "done": true
  },
  "blazeandcave:challenges/stack_all_the_items": {
    "criteria": {
      "chainmail_helmet": "2024-07-29 08:56:30 +0000",
      "suspicious_stew": "2024-07-29 08:12:32 +0000",
      "oak_chest_boat": "2024-07-29 08:14:19 +0000",
      "iron_chestplate": "2024-07-29 08:56:15 +0000",
      "chainmail_leggings": "2024-07-29 08:56:20 +0000",
      "iron_horse_armor": "2024-07-29 07:17:05 +0000",
      "chainmail_chestplate": "2024-07-29 08:56:26 +0000",
      "mangrove_boat": "2024-07-29 07:59:39 +0000",
      "iron_axe": "2024-07-29 07:17:39 +0000",
      "iron_boots": "2024-07-29 08:56:22 +0000",
      "golden_helmet": "2024-07-29 07:46:09 +0000",
      "oak_boat": "2024-07-29 08:14:16 +0000",
      "iron_pickaxe": "2024-07-29 07:42:09 +0000",
      "iron_helmet": "2024-07-29 07:41:09 +0000"
    },
    "done": false
  },
  "minecraft:recipes/misc/iron_nugget_from_blasting": {
    "criteria": {
      "has_iron_horse_armor": "2024-07-29 07:17:05 +0000"
    },
    "done": true
  },
  "blazeandcave:bacap/time_to_chop": {
    "criteria": {
      "iron_axe": "2024-07-29 07:17:39 +0000"
    },
    "done": true
  },
  "mcwbridges:recipes/spruce_bridge_pier": {
    "criteria": {
      "has_planks": "2024-07-29 07:17:47 +0000"
    },
    "done": true
  },
  "minecraft:recipes/building_blocks/spruce_wood": {
    "criteria": {
      "has_log": "2024-07-29 07:17:47 +0000"
    },
    "done": true
  },
  "mcwbridges:recipes/spruce_rail_bridge": {
    "criteria": {
      "has_planks": "2024-07-29 07:18:11 +0000"
    },
    "done": true
  },
  "mcwbridges:recipes/rope_spruce_bridge": {
    "criteria": {
      "has_planks": "2024-07-29 07:18:11 +0000"
    },
    "done": true
  },
  "minecraft:recipes/decorations/spruce_fence": {
    "criteria": {
      "has_planks": "2024-07-29 07:18:11 +0000"
    },
    "done": true
  },
  "minecraft:recipes/redstone/spruce_button": {
    "criteria": {
      "has_planks": "2024-07-29 07:18:11 +0000"
    },
    "done": true
  },
  "minecraft:recipes/redstone/spruce_pressure_plate": {
    "criteria": {
      "has_planks": "2024-07-29 07:18:11 +0000"
    },
    "done": true
  },
  "minecraft:recipes/decorations/spruce_sign": {
    "criteria": {
      "has_planks": "2024-07-29 07:18:11 +0000"
    },
    "done": true
  },
  "minecraft:recipes/building_blocks/spruce_slab": {
    "criteria": {
      "has_planks": "2024-07-29 07:18:11 +0000"
    },
    "done": true
  },
  "mcwbridges:recipes/spruce_log_bridge_middle": {
    "criteria": {
      "has_planks": "2024-07-29 07:18:11 +0000"
    },
    "done": true
  },
  "minecraft:recipes/redstone/spruce_trapdoor": {
    "criteria": {
      "has_planks": "2024-07-29 07:18:11 +0000"
    },
    "done": true
  },
  "minecraft:recipes/redstone/spruce_door": {
    "criteria": {
      "has_planks": "2024-07-29 07:18:11 +0000"
    },
    "done": true
  },
  "minecraft:recipes/redstone/spruce_fence_gate": {
    "criteria": {
      "has_planks": "2024-07-29 07:18:11 +0000"
    },
    "done": true
  },
  "minecraft:recipes/building_blocks/spruce_stairs": {
    "criteria": {
      "has_planks": "2024-07-29 07:18:11 +0000"
    },
    "done": true
  },
  "blazeandcave:challenges/stack_all_the_blocks": {
    "criteria": {
      "gold_block": "2024-07-29 07:46:09 +0000",
      "spruce_planks": "2024-07-29 07:18:11 +0000"
    },
    "done": false
  },
  "kattersstructures:village_sky": {
    "criteria": {
      "village_sky": "2024-07-29 07:21:44 +0000"
    },
    "done": true
  },
  "kattersstructures:a_village": {
    "criteria": {
      "village_sky": "2024-07-29 07:21:44 +0000"
    },
    "done": true
  },
  "kattersstructures:village_all": {
    "criteria": {
      "village_ocean": "2024-07-29 08:11:41 +0000",
      "village_sky": "2024-07-29 07:21:44 +0000"
    },
    "done": false
  },
  "blazeandcave:farming/bake_bread": {
    "criteria": {
      "bread": "2024-07-29 07:22:05 +0000"
    },
    "done": true
  },
  "blazeandcave:bacap/farming_milestone": {
    "criteria": {
      "suspicious_looking_stew": "2024-07-29 08:13:09 +0000",
      "bake_bread": "2024-07-29 07:22:06 +0000",
      "sugar_sugar": "2024-07-29 07:54:04 +0000",
      "die_potato": "2024-07-29 07:39:34 +0000"
    },
    "done": false
  },
  "minecraft:recipes/transportation/carrot_on_a_stick": {
    "criteria": {
      "has_carrot": "2024-07-29 07:22:06 +0000"
    },
    "done": true
  },
  "blazeandcave:bacap/animal_milestone": {
    "criteria": {
      "mary_had_a_little_lamb": "2024-07-29 07:40:47 +0000",
      "root": "2024-07-29 07:37:44 +0000"
    },
    "done": false
  },
  "blazeandcave:farming/vegetarian": {
    "criteria": {
      "bread": "2024-07-29 07:37:44 +0000",
      "suspicious_stew": "2024-07-29 08:13:09 +0000",
      "baked_potato": "2024-07-29 07:39:34 +0000"
    },
    "done": false
  },
  "minecraft:husbandry/root": {
    "criteria": {
      "consumed_item": "2024-07-29 07:37:44 +0000"
    },
    "done": true
  },
  "minecraft:husbandry/balanced_diet": {
    "criteria": {
      "bread": "2024-07-29 07:37:44 +0000",
      "suspicious_stew": "2024-07-29 08:13:09 +0000",
      "baked_potato": "2024-07-29 07:39:34 +0000"
    },
    "done": false
  },
  "blazeandcave:building/slabs_for_days": {
    "criteria": {
      "dark_oak_slab": "2024-07-29 07:38:07 +0000"
    },
    "done": false
  },
  "minecraft:recipes/decorations/composter": {
    "criteria": {
      "has_wood_slab": "2024-07-29 07:38:07 +0000"
    },
    "done": true
  },
  "blazeandcave:building/cut_in_half": {
    "criteria": {
      "slab": "2024-07-29 07:38:07 +0000"
    },
    "done": true
  },
  "blazeandcave:building/professor_dark_oak": {
    "criteria": {
      "dark_oak_slab": "2024-07-29 07:38:07 +0000"
    },
    "done": false
  },
  "blazeandcave:biomes/the_sea_calls_you": {
    "criteria": {
      "ocean": "2024-07-29 07:38:43 +0000"
    },
    "done": true
  },
  "blazeandcave:biomes/wet_feet": {
    "criteria": {
      "frozen_ocean": "2024-07-29 07:38:43 +0000",
      "deep_cold_ocean": "2024-07-29 08:00:08 +0000",
      "beach": "2024-07-29 07:56:50 +0000",
      "cold_ocean": "2024-07-29 07:59:42 +0000",
      "river": "2024-07-29 08:15:55 +0000",
      "deep_frozen_ocean": "2024-07-29 07:51:29 +0000"
    },
    "done": false
  },
  "blazeandcave:bacap/biomes_milestone": {
    "criteria": {
      "cargo_carrier": "2024-07-29 08:14:23 +0000",
      "kilometre_walk": "2024-07-29 08:11:26 +0000",
      "just_keep_swimming": "2024-07-29 07:50:56 +0000",
      "root": "2024-07-29 08:16:12 +0000",
      "smooth_operator": "2024-07-29 07:50:40 +0000",
      "boaty_mcboatface": "2024-07-29 07:59:48 +0000",
      "tarzan": "2024-07-29 08:11:41 +0000",
      "the_sea_calls_you": "2024-07-29 07:38:44 +0000",
      "ahoy": "2024-07-29 08:12:17 +0000"
    },
    "done": false
  },
  "blazeandcave:farming/die_potato": {
    "criteria": {
      "baked_potato": "2024-07-29 07:39:34 +0000"
    },
    "done": true
  },
  "minecraft:recipes/food/baked_potato_from_campfire_cooking": {
    "criteria": {
      "has_potato": "2024-07-29 07:39:34 +0000"
    },
    "done": true
  },
  "minecraft:recipes/food/baked_potato": {
    "criteria": {
      "has_potato": "2024-07-29 07:39:34 +0000"
    },
    "done": true
  },
  "minecraft:recipes/food/baked_potato_from_smoking": {
    "criteria": {
      "has_potato": "2024-07-29 07:39:34 +0000"
    },
    "done": true
  },
  "blazeandcave:animal/rainbow_collection": {
    "criteria": {
      "white_wool": "2024-07-29 07:40:34 +0000"
    },
    "done": false
  },
  "travelersbackpack:recipes/misc/sheep": {
    "criteria": {
      "has_white_wool": "2024-07-29 07:40:34 +0000"
    },
    "done": true
  },
  "minecraft:recipes/decorations/white_bed": {
    "criteria": {
      "has_white_wool": "2024-07-29 07:40:34 +0000"
    },
    "done": true
  },
  "minecraft:recipes/decorations/painting": {
    "criteria": {
      "has_wool": "2024-07-29 07:40:34 +0000"
    },
    "done": true
  },
  "travelersbackpack:recipes/decorations/white_sleeping_bag": {
    "criteria": {
      "has_white_wool": "2024-07-29 07:40:34 +0000"
    },
    "done": true
  },
  "minecraft:recipes/decorations/white_carpet": {
    "criteria": {
      "has_white_wool": "2024-07-29 07:40:34 +0000"
    },
    "done": true
  },
  "minecraft:recipes/decorations/white_banner": {
    "criteria": {
      "has_white_wool": "2024-07-29 07:40:34 +0000"
    },
    "done": true
  },
  "minecraft:recipes/food/bread": {
    "criteria": {
      "has_wheat": "2024-07-29 07:40:36 +0000"
    },
    "done": true
  },
  "minecraft:recipes/building_blocks/hay_block": {
    "criteria": {
      "has_wheat": "2024-07-29 07:40:36 +0000"
    },
    "done": true
  },
  "travelersbackpack:recipes/misc/hay": {
    "criteria": {
      "has_wheat": "2024-07-29 07:40:36 +0000"
    },
    "done": true
  },
  "blazeandcave:animal/mary_had_a_little_lamb": {
    "criteria": {
      "sheep": "2024-07-29 07:40:47 +0000"
    },
    "done": true
  },
  "minecraft:husbandry/bred_all_animals": {
    "criteria": {
      "minecraft:sheep": "2024-07-29 07:40:47 +0000"
    },
    "done": false
  },
  "minecraft:story/obtain_armor": {
    "criteria": {
      "iron_helmet": "2024-07-29 07:41:11 +0000"
    },
    "done": true
  },
  "minecraft:story/iron_tools": {
    "criteria": {
      "iron_pickaxe": "2024-07-29 07:42:09 +0000"
    },
    "done": true
  },
  "blazeandcave:bacap/time_to_mine": {
    "criteria": {
      "iron_pickaxe": "2024-07-29 07:42:09 +0000"
    },
    "done": true
  },
  "blazeandcave:mining/root": {
    "criteria": {
      "pickaxe": "2024-07-29 07:42:09 +0000"
    },
    "done": true
  },
  "minecraft:recipes/misc/iron_ingot_from_iron_block": {
    "criteria": {
      "has_iron_block": "2024-07-29 07:42:17 +0000"
    },
    "done": true
  },
  "blazeandcave:enchanting/heavy_metal": {
    "criteria": {
      "anvil": "2024-07-29 07:42:17 +0000"
    },
    "done": true
  },
  "blazeandcave:mining/mineral_collection": {
    "criteria": {
      "raw_gold_block": "2024-07-29 07:44:56 +0000",
      "gold_block": "2024-07-29 07:43:28 +0000",
      "iron_block": "2024-07-29 07:42:17 +0000"
    },
    "done": false
  },
  "minecraft:recipes/decorations/anvil": {
    "criteria": {
      "has_iron_block": "2024-07-29 07:42:17 +0000"
    },
    "done": true
  },
  "blazeandcave:bacap/enchanting_milestone": {
    "criteria": {
      "heavy_metal": "2024-07-29 07:42:18 +0000"
    },
    "done": false
  },
  "minecraft:recipes/misc/gold_ingot_from_gold_block": {
    "criteria": {
      "has_gold_block": "2024-07-29 07:43:28 +0000"
    },
    "done": true
  },
  "minecraft:recipes/misc/raw_gold": {
    "criteria": {
      "has_raw_gold_block": "2024-07-29 07:44:56 +0000"
    },
    "done": true
  },
  "blazeandcave:building/the_glazed_terracotta_army": {
    "criteria": {
      "yellow_glazed_terracotta": "2024-07-29 07:45:53 +0000"
    },
    "done": false
  },
  "minecraft:recipes/misc/gold_nugget_from_blasting": {
    "criteria": {
      "has_golden_helmet": "2024-07-29 07:46:09 +0000"
    },
    "done": true
  },
  "blazeandcave:enchanting/complete_enchanter": {
    "criteria": {
      "fortune": "2024-07-29 07:46:09 +0000"
    },
    "done": false
  },
  "blazeandcave:adventure/chromatic_armory": {
    "criteria": {
      "gold": "2024-07-29 07:46:09 +0000"
    },
    "done": false
  },
  "minecraft:recipes/misc/gold_nugget_from_smelting": {
    "criteria": {
      "has_golden_helmet": "2024-07-29 07:46:09 +0000"
    },
    "done": true
  },
  "blazeandcave:challenges/ultimate_enchanter": {
    "criteria": {
      "fortune1": "2024-07-29 07:46:09 +0000"
    },
    "done": false
  },
  "blazeandcave:mining/master_gold_miner": {
    "criteria": {
      "gold": "2024-07-29 07:46:09 +0000"
    },
    "done": true
  },
  "minecraft:husbandry/froglights": {
    "criteria": {
      "ochre_froglight": "2024-07-29 07:47:13 +0000"
    },
    "done": false
  },
  "blazeandcave:statistics/the_first_night": {
    "criteria": {
      "trigger": "2024-07-29 07:49:52 +0000"
    },
    "done": true
  },
  "blazeandcave:statistics/root": {
    "criteria": {
      "the_first_night": "2024-07-29 07:49:52 +0000"
    },
    "done": true
  },
  "blazeandcave:bacap/statistics_milestone": {
    "criteria": {
      "loot_em": "2024-07-29 08:30:04 +0000",
      "root": "2024-07-29 07:49:53 +0000",
      "the_first_night": "2024-07-29 07:49:52 +0000"
    },
    "done": false
  },
  "blazeandcave:technical/stat_branch2_mid": {
    "criteria": {
      "root": "2024-07-29 07:49:53 +0000"
    },
    "done": true
  },
  "blazeandcave:technical/stat_branch6_mid": {
    "criteria": {
      "root": "2024-07-29 07:49:53 +0000"
    },
    "done": true
  },
  "blazeandcave:technical/stat_branch1_mid": {
    "criteria": {
      "root": "2024-07-29 07:49:53 +0000"
    },
    "done": true
  },
  "blazeandcave:technical/stat_branch5_mid": {
    "criteria": {
      "root": "2024-07-29 07:49:53 +0000"
    },
    "done": true
  },
  "blazeandcave:technical/stat_branch9_mid": {
    "criteria": {
      "root": "2024-07-29 07:49:53 +0000"
    },
    "done": true
  },
  "blazeandcave:technical/stat_branch4_mid": {
    "criteria": {
      "root": "2024-07-29 07:49:53 +0000"
    },
    "done": true
  },
  "blazeandcave:technical/stat_branch8_mid": {
    "criteria": {
      "root": "2024-07-29 07:49:53 +0000"
    },
    "done": true
  },
  "blazeandcave:technical/stat_branch3_mid": {
    "criteria": {
      "root": "2024-07-29 07:49:53 +0000"
    },
    "done": true
  },
  "blazeandcave:technical/stat_branch7_mid": {
    "criteria": {
      "root": "2024-07-29 07:49:53 +0000"
    },
    "done": true
  },
  "blazeandcave:biomes/smooth_operator": {
    "criteria": {
      "smooth_operator": "2024-07-29 07:50:39 +0000"
    },
    "done": true
  },
  "minecraft:recipes/transportation/cherry_boat": {
    "criteria": {
      "in_water": "2024-07-29 07:50:56 +0000"
    },
    "done": true
  },
  "minecraft:recipes/transportation/bamboo_raft": {
    "criteria": {
      "in_water": "2024-07-29 07:50:56 +0000"
    },
    "done": true
  },
  "minecraft:recipes/transportation/acacia_boat": {
    "criteria": {
      "in_water": "2024-07-29 07:50:56 +0000"
    },
    "done": true
  },
  "minecraft:recipes/transportation/jungle_boat": {
    "criteria": {
      "in_water": "2024-07-29 07:50:56 +0000"
    },
    "done": true
  },
  "minecraft:recipes/transportation/spruce_boat": {
    "criteria": {
      "in_water": "2024-07-29 07:50:56 +0000"
    },
    "done": true
  },
  "minecraft:recipes/transportation/birch_boat": {
    "criteria": {
      "in_water": "2024-07-29 07:50:56 +0000"
    },
    "done": true
  },
  "minecraft:recipes/transportation/oak_boat": {
    "criteria": {
      "in_water": "2024-07-29 07:50:56 +0000"
    },
    "done": true
  },
  "minecraft:recipes/transportation/mangrove_boat": {
    "criteria": {
      "in_water": "2024-07-29 07:50:56 +0000"
    },
    "done": true
  },
  "blazeandcave:biomes/just_keep_swimming": {
    "criteria": {
      "enter_water": "2024-07-29 07:50:56 +0000"
    },
    "done": true
  },
  "minecraft:recipes/transportation/dark_oak_boat": {
    "criteria": {
      "in_water": "2024-07-29 07:50:56 +0000"
    },
    "done": true
  },
  "blazeandcave:farming/sugar_sugar": {
    "criteria": {
      "sugar_cane": "2024-07-29 07:54:03 +0000"
    },
    "done": true
  },
  "minecraft:recipes/misc/paper": {
    "criteria": {
      "has_reeds": "2024-07-29 07:54:03 +0000"
    },
    "done": true
  },
  "minecraft:recipes/misc/sugar_from_sugar_cane": {
    "criteria": {
      "has_sugar_cane": "2024-07-29 07:54:03 +0000"
    },
    "done": true
  },
  "blazeandcave:biomes/one_with_the_forest": {
    "criteria": {
      "forest": "2024-07-29 07:56:20 +0000",
      "moonlight_valley": "2024-07-29 08:55:59 +0000"
    },
    "done": false
  },
  "blazeandcave:biomes/high_feet": {
    "criteria": {
      "windswept_hills": "2024-07-29 07:56:42 +0000",
      "windswept_gravelly_hills": "2024-07-29 07:58:37 +0000"
    },
    "done": false
  },
  "kattersstructures:villager_all": {
    "criteria": {
      "villager_ocean": "2024-07-29 07:58:52 +0000"
    },
    "done": false
  },
  "kattersstructures:villager_ocean": {
    "criteria": {
      "villager_ocean": "2024-07-29 07:58:52 +0000"
    },
    "done": true
  },
  "minecraft:recipes/transportation/spruce_chest_boat": {
    "criteria": {
      "has_boat": "2024-07-29 07:59:39 +0000"
    },
    "done": true
  },
  "minecraft:recipes/transportation/jungle_chest_boat": {
    "criteria": {
      "has_boat": "2024-07-29 07:59:39 +0000"
    },
    "done": true
  },
  "minecraft:recipes/transportation/mangrove_chest_boat": {
    "criteria": {
      "has_boat": "2024-07-29 07:59:39 +0000"
    },
    "done": true
  },
  "minecraft:recipes/transportation/oak_chest_boat": {
    "criteria": {
      "has_boat": "2024-07-29 07:59:39 +0000"
    },
    "done": true
  },
  "minecraft:recipes/transportation/bamboo_chest_raft": {
    "criteria": {
      "has_boat": "2024-07-29 07:59:39 +0000"
    },
    "done": true
  },
  "minecraft:recipes/transportation/acacia_chest_boat": {
    "criteria": {
      "has_boat": "2024-07-29 07:59:39 +0000"
    },
    "done": true
  },
  "minecraft:recipes/transportation/cherry_chest_boat": {
    "criteria": {
      "has_boat": "2024-07-29 07:59:39 +0000"
    },
    "done": true
  },
  "minecraft:recipes/transportation/birch_chest_boat": {
    "criteria": {
      "has_boat": "2024-07-29 07:59:39 +0000"
    },
    "done": true
  },
  "minecraft:recipes/transportation/dark_oak_chest_boat": {
    "criteria": {
      "has_boat": "2024-07-29 07:59:39 +0000"
    },
    "done": true
  },
  "blazeandcave:biomes/boaty_mcboatface": {
    "criteria": {
      "boat": "2024-07-29 07:59:47 +0000"
    },
    "done": true
  },
  "hopo:minecraft/adventure/locate_all_underwater_structures": {
    "criteria": {
      "locate_shipwreck": "2024-07-29 08:12:16 +0000",
      "locate_underwater_small_ruins": "2024-07-29 08:00:36 +0000"
    },
    "done": false
  },
  "blazeandcave:mining/youll_never_take_me_alive_copper": {
    "criteria": {
      "copper_ingot": "2024-07-29 08:01:06 +0000"
    },
    "done": true
  },
  "minecraft:recipes/redstone/lightning_rod": {
    "criteria": {
      "has_copper_ingot": "2024-07-29 08:01:06 +0000"
    },
    "done": true
  },
  "minecraft:recipes/building_blocks/copper_block": {
    "criteria": {
      "has_copper_ingot": "2024-07-29 08:01:06 +0000"
    },
    "done": true
  },
  "minecraft:recipes/tools/brush": {
    "criteria": {
      "has_copper_ingot": "2024-07-29 08:01:06 +0000"
    },
    "done": true
  },
  "minecraft:recipes/redstone/copper_trapdoor": {
    "criteria": {
      "has_copper_ingot": "2024-07-29 08:01:06 +0000"
    },
    "done": true
  },
  "minecraft:recipes/redstone/copper_door": {
    "criteria": {
      "has_copper_ingot": "2024-07-29 08:01:06 +0000"
    },
    "done": true
  },
  "blazeandcave:biomes/kilometre_walk": {
    "criteria": {
      "outer_neg_z": "2024-07-29 08:11:25 +0000",
      "outer_neg_x": "2024-07-29 08:11:25 +0000"
    },
    "done": true
  },
  "blazeandcave:biomes/tarzan": {
    "criteria": {
      "enter_vine": "2024-07-29 08:11:41 +0000"
    },
    "done": true
  },
  "kattersstructures:village_ocean": {
    "criteria": {
      "village_ocean": "2024-07-29 08:11:41 +0000"
    },
    "done": true
  },
  "minecraft:recipes/building_blocks/oak_planks": {
    "criteria": {
      "has_logs": "2024-07-29 08:11:54 +0000"
    },
    "done": true
  },
  "minecraft:recipes/building_blocks/oak_wood": {
    "criteria": {
      "has_log": "2024-07-29 08:11:54 +0000"
    },
    "done": true
  },
  "mcwbridges:recipes/oak_bridge_pier": {
    "criteria": {
      "has_planks": "2024-07-29 08:11:54 +0000"
    },
    "done": true
  },
  "blazeandcave:building/professor_oak": {
    "criteria": {
      "oak_chest_boat": "2024-07-29 08:14:19 +0000",
      "oak_log": "2024-07-29 08:11:54 +0000",
      "oak_boat": "2024-07-29 08:14:16 +0000",
      "oak_door": "2024-07-29 08:28:55 +0000"
    },
    "done": false
  },
  "blazeandcave:adventure/raidin_master": {
    "criteria": {
      "shipwreck": "2024-07-29 08:12:16 +0000",
      "village_plains": "2024-07-29 08:16:40 +0000",
      "stronghold": "2024-07-29 08:59:22 +0000"
    },
    "done": false
  },
  "minecraft:recipes/misc/conduit": {
    "criteria": {
      "has_nautilus_shell": "2024-07-29 08:12:16 +0000"
    },
    "done": true
  },
  "blazeandcave:biomes/ahoy": {
    "criteria": {
      "shipwreck": "2024-07-29 08:12:16 +0000"
    },
    "done": true
  },
  "blazeandcave:challenges/i_am_loot": {
    "criteria": {
      "village_plains_house": "2024-07-29 08:29:05 +0000",
      "shipwreck_map": "2024-07-29 08:12:39 +0000",
      "village_armorer": "2024-07-29 08:56:38 +0000",
      "shipwreck_supply": "2024-07-29 08:12:25 +0000",
      "village_cartographer": "2024-07-29 08:29:35 +0000",
      "village_temple": "2024-07-29 08:16:53 +0000"
    },
    "done": false
  },
  "travelersbackpack:recipes/misc/creeper": {
    "criteria": {
      "has_gunpowder": "2024-07-29 08:12:27 +0000"
    },
    "done": true
  },
  "minecraft:recipes/misc/firework_rocket_simple": {
    "criteria": {
      "has_gunpowder": "2024-07-29 08:12:27 +0000"
    },
    "done": true
  },
  "minecraft:recipes/redstone/tnt": {
    "criteria": {
      "has_gunpowder": "2024-07-29 08:12:27 +0000"
    },
    "done": true
  },
  "blazeandcave:farming/a_gluttonous_diet": {
    "criteria": {
      "suspicious_stew": "2024-07-29 08:12:32 +0000"
    },
    "done": false
  },
  "blazeandcave:farming/suspicious_looking_stew": {
    "criteria": {
      "suspicious_stew": "2024-07-29 08:13:09 +0000"
    },
    "done": true
  },
  "minecraft:recipes/food/mushroom_stew": {
    "criteria": {
      "has_bowl": "2024-07-29 08:13:09 +0000"
    },
    "done": true
  },
  "blazeandcave:redstone/master_engineer": {
    "criteria": {
      "oak_chest_boat": "2024-07-29 08:14:19 +0000"
    },
    "done": false
  },
  "blazeandcave:biomes/cargo_carrier": {
    "criteria": {
      "boat": "2024-07-29 08:14:23 +0000"
    },
    "done": true
  },
  "blazeandcave:weaponry/viking": {
    "criteria": {
      "axe": "2024-07-29 08:16:08 +0000"
    },
    "done": true
  },
  "blazeandcave:weaponry/multiclassed": {
    "criteria": {
      "axe": "2024-07-29 08:16:08 +0000"
    },
    "done": false
  },
  "blazeandcave:bacap/weaponry_milestone": {
    "criteria": {
      "viking": "2024-07-29 08:16:08 +0000"
    },
    "done": false
  },
  "blazeandcave:weaponry/axeman": {
    "criteria": {
      "iron_axe": "2024-07-29 08:16:08 +0000"
    },
    "done": false
  },
  "minecraft:adventure/kill_all_mobs": {
    "criteria": {
      "minecraft:skeleton": "2024-07-29 09:00:08 +0000",
      "minecraft:zombie": "2024-07-29 08:16:12 +0000"
    },
    "done": false
  },
  "blazeandcave:biomes/root": {
    "criteria": {
      "killed_something": "2024-07-29 08:16:12 +0000"
    },
    "done": true
  },
  "minecraft:adventure/root": {
    "criteria": {
      "killed_something": "2024-07-29 08:16:12 +0000"
    },
    "done": true
  },
  "blazeandcave:bacap/adventure_milestone": {
    "criteria": {
      "root": "2024-07-29 08:16:12 +0000",
      "do_you_want_to_trade": "2024-07-29 08:16:41 +0000"
    },
    "done": false
  },
  "blazeandcave:monsters/dead_dont_die": {
    "criteria": {
      "zombie": "2024-07-29 08:16:12 +0000"
    },
    "done": true
  },
  "blazeandcave:monsters/night_runner": {
    "criteria": {
      "skeleton": "2024-07-29 09:00:08 +0000",
      "zombie": "2024-07-29 08:16:12 +0000"
    },
    "done": false
  },
  "blazeandcave:bacap/monsters_milestone": {
    "criteria": {
      "dead_dont_die": "2024-07-29 08:16:12 +0000",
      "monster_hunter": "2024-07-29 08:16:12 +0000",
      "spooky_skeleton": "2024-07-29 09:00:09 +0000"
    },
    "done": false
  },
  "minecraft:adventure/kill_a_mob": {
    "criteria": {
      "monster_hunter": "2024-07-29 08:16:12 +0000"
    },
    "done": true
  },
  "blazeandcave:biomes/a_grassy_nature": {
    "criteria": {
      "plains": "2024-07-29 08:16:34 +0000"
    },
    "done": false
  },
  "blazeandcave:adventure/do_you_want_to_trade": {
    "criteria": {
      "village": "2024-07-29 08:16:40 +0000"
    },
    "done": true
  },
  "blazeandcave:building/ladder_climbers_inc": {
    "criteria": {
      "enter_ladder": "2024-07-29 08:16:48 +0000"
    },
    "done": true
  },
  "minecraft:recipes/building_blocks/lapis_block": {
    "criteria": {
      "has_lapis_lazuli": "2024-07-29 08:16:56 +0000"
    },
    "done": true
  },
  "minecraft:recipes/misc/blue_dye": {
    "criteria": {
      "has_lapis_lazuli": "2024-07-29 08:16:56 +0000"
    },
    "done": true
  },
  "blazeandcave:mining/diam_oh_wait_no": {
    "criteria": {
      "coal": "2024-07-29 08:16:56 +0000"
    },
    "done": true
  },
  "travelersbackpack:recipes/misc/lapis": {
    "criteria": {
      "has_lapis_lazuli": "2024-07-29 08:16:56 +0000"
    },
    "done": true
  },
  "minecraft:recipes/redstone/redstone_torch": {
    "criteria": {
      "has_redstone": "2024-07-29 08:17:01 +0000"
    },
    "done": true
  },
  "minecraft:recipes/redstone/target": {
    "criteria": {
      "has_redstone": "2024-07-29 08:17:01 +0000"
    },
    "done": true
  },
  "minecraft:recipes/tools/compass": {
    "criteria": {
      "has_redstone": "2024-07-29 08:17:01 +0000"
    },
    "done": true
  },
  "blazeandcave:mining/seeing_red": {
    "criteria": {
      "redstone": "2024-07-29 08:17:01 +0000"
    },
    "done": true
  },
  "minecraft:recipes/redstone/redstone_block": {
    "criteria": {
      "has_redstone": "2024-07-29 08:17:01 +0000"
    },
    "done": true
  },
  "blazeandcave:redstone/root": {
    "criteria": {
      "redstone": "2024-07-29 08:17:01 +0000"
    },
    "done": true
  },
  "minecraft:recipes/tools/clock": {
    "criteria": {
      "has_redstone": "2024-07-29 08:17:01 +0000"
    },
    "done": true
  },
  "minecraft:recipes/redstone/note_block": {
    "criteria": {
      "has_redstone": "2024-07-29 08:17:01 +0000"
    },
    "done": true
  },
  "travelersbackpack:recipes/misc/redstone": {
    "criteria": {
      "has_redstone": "2024-07-29 08:17:01 +0000"
    },
    "done": true
  },
  "betternether:recipes/transportation/detector_rail": {
    "criteria": {
      "has_redstone": "2024-07-29 08:17:01 +0000"
    },
    "done": true
  },
  "minecraft:recipes/redstone/dropper": {
    "criteria": {
      "has_redstone": "2024-07-29 08:17:01 +0000"
    },
    "done": true
  },
  "minecraft:recipes/redstone/piston": {
    "criteria": {
      "has_redstone": "2024-07-29 08:17:01 +0000"
    },
    "done": true
  },
  "minecraft:nether/brew_potion": {
    "criteria": {
      "brewing_stand": "2024-07-29 08:17:18 +0000"
    },
    "done": true
  },
  "blazeandcave:bacap/nether_milestone": {
    "criteria": {
      "local_brewery": "2024-07-29 08:17:19 +0000",
      "eye_spy": "2024-07-29 08:59:23 +0000"
    },
    "done": false
  },
  "blazeandcave:challenges/death_from_all": {
    "criteria": {
      "zombie": "2024-07-29 08:17:29 +0000"
    },
    "done": false
  },
  "blazeandcave:mining/deep_slate_nine": {
    "criteria": {
      "deepslate_level": "2024-07-29 08:24:54 +0000"
    },
    "done": true
  },
  "blazeandcave:mining/spelunker": {
    "criteria": {
      "lush_caves": "2024-07-29 08:24:54 +0000"
    },
    "done": false
  },
  "blazeandcave:mining/leaflet_drop": {
    "criteria": {
      "big_dripleaf": "2024-07-29 08:25:19 +0000"
    },
    "done": true
  },
  "minecraft:recipes/building_blocks/terracotta": {
    "criteria": {
      "has_clay_block": "2024-07-29 08:26:45 +0000"
    },
    "done": true
  },
  "betternether:recipes/misc/copy_bowl_upgrade": {
    "criteria": {
      "has_diamond": "2024-07-29 08:27:25 +0000"
    },
    "done": true
  },
  "blazeandcave:mining/diamonds_to_you": {
    "criteria": {
      "diamonds_to_you": "2024-07-29 08:27:25 +0000"
    },
    "done": true
  },
  "minecraft:recipes/combat/diamond_sword": {
    "criteria": {
      "has_diamond": "2024-07-29 08:27:25 +0000"
    },
    "done": true
  },
  "minecraft:recipes/decorations/jukebox": {
    "criteria": {
      "has_diamond": "2024-07-29 08:27:25 +0000"
    },
    "done": true
  },
  "minecraft:recipes/combat/diamond_chestplate": {
    "criteria": {
      "has_diamond": "2024-07-29 08:27:25 +0000"
    },
    "done": true
  },
  "minecraft:recipes/tools/diamond_pickaxe": {
    "criteria": {
      "has_diamond": "2024-07-29 08:27:25 +0000"
    },
    "done": true
  },
  "minecraft:recipes/tools/diamond_hoe": {
    "criteria": {
      "has_diamond": "2024-07-29 08:27:25 +0000"
    },
    "done": true
  },
  "minecraft:recipes/tools/diamond_shovel": {
    "criteria": {
      "has_diamond": "2024-07-29 08:27:25 +0000"
    },
    "done": true
  },
  "travelersbackpack:recipes/misc/diamond_tier_upgrade": {
    "criteria": {
      "has_diamond": "2024-07-29 08:27:25 +0000"
    },
    "done": true
  },
  "minecraft:recipes/combat/diamond_helmet": {
    "criteria": {
      "has_diamond": "2024-07-29 08:27:25 +0000"
    },
    "done": true
  },
  "travelersbackpack:recipes/misc/diamond": {
    "criteria": {
      "has_diamond": "2024-07-29 08:27:25 +0000"
    },
    "done": true
  },
  "minecraft:recipes/building_blocks/diamond_block": {
    "criteria": {
      "has_diamond": "2024-07-29 08:27:25 +0000"
    },
    "done": true
  },
  "minecraft:story/mine_diamond": {
    "criteria": {
      "diamond": "2024-07-29 08:27:25 +0000"
    },
    "done": true
  },
  "minecraft:recipes/combat/diamond_leggings": {
    "criteria": {
      "has_diamond": "2024-07-29 08:27:25 +0000"
    },
    "done": true
  },
  "minecraft:recipes/combat/diamond_boots": {
    "criteria": {
      "has_diamond": "2024-07-29 08:27:25 +0000"
    },
    "done": true
  },
  "betternether:recipes/misc/copy_flaming_ruby_upgrade": {
    "criteria": {
      "has_diamond": "2024-07-29 08:27:25 +0000"
    },
    "done": true
  },
  "minecraft:recipes/tools/diamond_axe": {
    "criteria": {
      "has_diamond": "2024-07-29 08:27:25 +0000"
    },
    "done": true
  },
  "betternether:recipes/misc/copy_cincinnasite_diamond_upgrade": {
    "criteria": {
      "has_diamond": "2024-07-29 08:27:25 +0000"
    },
    "done": true
  },
  "blazeandcave:building/your_door_was_locked": {
    "criteria": {
      "door": "2024-07-29 08:28:55 +0000"
    },
    "done": true
  },
  "blazeandcave:statistics/loot_em": {
    "criteria": {
      "trigger": "2024-07-29 08:30:03 +0000"
    },
    "done": true
  },
  "blazeandcave:biomes/over_the_moon": {
    "criteria": {
      "moonlight_valley": "2024-07-29 08:55:59 +0000"
    },
    "done": true
  },
  "minecraft:recipes/decorations/glow_item_frame": {
    "criteria": {
      "has_item_frame": "2024-07-29 08:56:08 +0000"
    },
    "done": true
  },
  "blazeandcave:building/help_ive_been_framed": {
    "criteria": {
      "item_frame": "2024-07-29 08:56:08 +0000"
    },
    "done": true
  },
  "travelersbackpack:recipes/misc/iron_golem_smithing": {
    "criteria": {
      "has_iron_golem": "2024-07-29 08:56:40 +0000"
    },
    "done": true
  },
  "minecraft:recipes/building_blocks/emerald_block": {
    "criteria": {
      "has_emerald": "2024-07-29 08:56:51 +0000"
    },
    "done": true
  },
  "travelersbackpack:recipes/misc/emerald": {
    "criteria": {
      "has_emerald": "2024-07-29 08:56:51 +0000"
    },
    "done": true
  },
  "pk_waystones:recipes/waystone/nether": {
    "criteria": {
      "has_an_ingredient": "2024-07-29 08:59:22 +0000"
    },
    "done": true
  },
  "minecraft:recipes/decorations/end_crystal": {
    "criteria": {
      "has_ender_eye": "2024-07-29 08:59:22 +0000"
    },
    "done": true
  },
  "pk_waystones:recipes/waystone/andesite": {
    "criteria": {
      "has_an_ingredient": "2024-07-29 08:59:22 +0000"
    },
    "done": true
  },
  "pk_waystones:recipes/waystone/sand": {
    "criteria": {
      "has_an_ingredient": "2024-07-29 08:59:22 +0000"
    },
    "done": true
  },
  "pk_waystones:recipes/waystone/deepslate": {
    "criteria": {
      "has_an_ingredient": "2024-07-29 08:59:22 +0000"
    },
    "done": true
  },
  "minecraft:story/follow_ender_eye": {
    "criteria": {
      "in_stronghold": "2024-07-29 08:59:22 +0000"
    },
    "done": true
  },
  "minecraft:recipes/decorations/ender_chest": {
    "criteria": {
      "has_ender_eye": "2024-07-29 08:59:22 +0000"
    },
    "done": true
  },
  "travelersbackpack:recipes/misc/end": {
    "criteria": {
      "has_ender_eye": "2024-07-29 08:59:22 +0000"
    },
    "done": true
  },
  "pk_waystones:recipes/waystone/mossy": {
    "criteria": {
      "has_an_ingredient": "2024-07-29 08:59:22 +0000"
    },
    "done": true
  },
  "endrem:main/eyes_recipe": {
    "criteria": {
      "eyes": "2024-07-29 08:59:22 +0000"
    },
    "done": true
  },
  "blazeandcave:redstone/under_pressure": {
    "criteria": {
      "stone_pressure_plate": "2024-07-29 08:59:32 +0000"
    },
    "done": true
  },
  "blazeandcave:monsters/spooky_skeleton": {
    "criteria": {
      "skeleton": "2024-07-29 09:00:08 +0000"
    },
    "done": true
  },
  "travelersbackpack:recipes/misc/skeleton": {
    "criteria": {
      "has_arrow": "2024-07-29 09:00:08 +0000"
    },
    "done": true
  },
  "minecraft:recipes/misc/bone_meal": {
    "criteria": {
      "has_bone": "2024-07-29 09:00:08 +0000"
    },
    "done": true
  },
  "travelersbackpack:recipes/misc/wolf": {
    "criteria": {
      "has_bone": "2024-07-29 09:00:08 +0000"
    },
    "done": true
  },
  "DataVersion": 3953
}