{
  "repurposed_structures:root": {
    "criteria": {
      "always": "2024-07-29 07:08:01 +0000"
    },
    "done": true
  },
  "minecraft:recipes/decorations/crafting_table": {
    "criteria": {
      "unlock_right_away": "2024-07-29 07:08:01 +0000"
    },
    "done": true
  },
  "vanilla_refresh:player/end_teleport": {
    "criteria": {
      "s3": "2024-07-29 07:08:01 +0000"
    },
    "done": false
  },
  "incendium:technical/new_player": {
    "criteria": {
      "requirement": "2024-07-29 07:08:01 +0000"
    },
    "done": true
  },
  "kattersstructures:root": {
    "criteria": {
      "requirement": "2024-07-29 07:08:01 +0000"
    },
    "done": true
  },
  "pk_waystones:events/once/prepare": {
    "criteria": {
      "requirement": "2024-07-29 07:08:01 +0000"
    },
    "done": true
  },
  "vanilla_refresh:player/tick": {
    "criteria": {
      "s": "2024-07-29 07:08:01 +0000"
    },
    "done": true
  },
  "betternether:root": {
    "criteria": {
      "welcome": "2024-07-29 07:08:02 +0000"
    },
    "done": true
  },
  "blazeandcave:bacap/root": {
    "criteria": {
      "location": "2024-07-29 07:08:02 +0000"
    },
    "done": true
  },
  "incendium:technical/using/shield": {
    "criteria": {
      "log_spam_fixer": "2024-07-29 07:08:02 +0000"
    },
    "done": false
  },
  "blazeandcave:technical/biome_branch2_end": {
    "criteria": {
      "kilometre_walk": "2024-07-29 07:08:02 +0000"
    },
    "done": true
  },
  "blazeandcave:biomes/terralithic": {
    "criteria": {
      "thermal_caves": "2024-07-29 08:17:54 +0000",
      "ice_marsh": "2024-07-29 07:08:02 +0000",
      "deep_caves": "2024-07-29 07:45:03 +0000"
    },
    "done": false
  },
  "incendium:technical/scroll_of_returning": {
    "criteria": {
      "log_spam_fixer": "2024-07-29 07:08:02 +0000"
    },
    "done": false
  },
  "incendium:technical/using/ragnarok": {
    "criteria": {
      "log_spam_fixer": "2024-07-29 07:08:02 +0000"
    },
    "done": false
  },
  "blazeandcave:technical/biome_branch1_end": {
    "criteria": {
      "kilometre_walk": "2024-07-29 07:08:02 +0000"
    },
    "done": true
  },
  "incendium:technical/using/trailblazer": {
    "criteria": {
      "log_spam_fixer": "2024-07-29 07:08:02 +0000"
    },
    "done": false
  },
  "blazeandcave:biomes/cold_feet": {
    "criteria": {
      "frozen_river": "2024-07-29 07:20:14 +0000",
      "snowy_plains": "2024-07-29 07:30:31 +0000",
      "ice_marsh": "2024-07-29 07:08:02 +0000",
      "snowy_beach": "2024-07-29 07:12:21 +0000"
    },
    "done": false
  },
  "blazeandcave:bacap/advancement_legend": {
    "criteria": {
      "diamonds": "2024-07-29 07:45:22 +0000",
      "eeuuwww": "2024-07-29 07:40:58 +0000",
      "a_shiny_treat": "2024-07-29 07:51:48 +0000",
      "benchmarking": "2024-07-29 07:12:02 +0000",
      "leaflet_drop": "2024-07-29 07:48:04 +0000",
      "bacap_root": "2024-07-29 07:08:03 +0000",
      "deep_slate_nine": "2024-07-29 07:42:21 +0000",
      "cover_me_with_diamonds": "2024-07-29 08:10:39 +0000",
      "grinding_nemo": "2024-07-29 07:46:52 +0000",
      "diamond_clad": "2024-07-29 08:10:39 +0000",
      "mining_root": "2024-07-29 07:12:08 +0000",
      "weaponry_root": "2024-07-29 07:14:36 +0000",
      "suit_up": "2024-07-29 07:22:37 +0000",
      "tarzan": "2024-07-29 07:08:42 +0000",
      "time_to_chop": "2024-07-29 07:14:32 +0000",
      "not_today_thank_you": "2024-07-29 07:50:36 +0000",
      "spooky_skeleton": "2024-07-29 07:51:26 +0000",
      "delicious_fish": "2024-07-29 07:27:35 +0000",
      "iggy": "2024-07-29 07:46:29 +0000",
      "monsters_root": "2024-07-29 07:14:36 +0000",
      "direct_fishing": "2024-07-29 07:27:00 +0000",
      "torched": "2024-07-29 07:39:19 +0000",
      "ew_ew_ew": "2024-07-29 07:48:21 +0000",
      "adventure_root": "2024-07-29 07:19:00 +0000",
      "stone_age": "2024-07-29 07:13:23 +0000",
      "getting_wood": "2024-07-29 07:11:04 +0000",
      "good_lookin_treasure": "2024-07-29 07:17:09 +0000",
      "isnt_it_iron_pick": "2024-07-29 07:18:09 +0000",
      "titanic": "2024-07-29 07:21:07 +0000",
      "just_keep_swimming": "2024-07-29 07:13:16 +0000",
      "gold_rush": "2024-07-29 07:15:16 +0000",
      "spring_in_your_step": "2024-07-29 08:12:36 +0000",
      "getting_an_upgrade": "2024-07-29 07:13:39 +0000",
      "lucky_break": "2024-07-29 07:38:26 +0000",
      "the_cutest_predator": "2024-07-29 08:17:19 +0000",
      "leveraging_synergy": "2024-07-29 07:15:09 +0000",
      "time_to_strike": "2024-07-29 07:14:36 +0000",
      "dead_dont_die": "2024-07-29 07:47:27 +0000",
      "acquire_hardware": "2024-07-29 07:15:17 +0000",
      "barking_mad": "2024-07-29 07:12:50 +0000",
      "hot_topic": "2024-07-29 07:14:24 +0000",
      "fossil_fuel": "2024-07-29 07:30:48 +0000",
      "smooth_operator": "2024-07-29 07:14:56 +0000",
      "the_first_night": "2024-07-29 07:26:37 +0000",
      "sir_knight": "2024-07-29 07:18:00 +0000",
      "seeing_red": "2024-07-29 07:15:36 +0000",
      "redstone_root": "2024-07-29 07:15:36 +0000",
      "building_root": "2024-07-29 07:12:02 +0000",
      "this_is_mine_now": "2024-07-29 07:43:26 +0000",
      "sweet_dreams": "2024-07-29 07:44:46 +0000",
      "heart_of_darkness": "2024-07-29 07:15:09 +0000",
      "the_sea_calls_you": "2024-07-29 07:21:03 +0000",
      "suspicious_looking_stew": "2024-07-29 07:21:54 +0000",
      "iron_man": "2024-07-29 07:22:38 +0000",
      "animal_root": "2024-07-29 07:21:54 +0000",
      "shield_luck": "2024-07-29 07:20:37 +0000",
      "monster_hunter": "2024-07-29 07:47:27 +0000",
      "statistics_root": "2024-07-29 07:26:38 +0000",
      "time_to_mine": "2024-07-29 07:12:08 +0000",
      "biomes_root": "2024-07-29 07:19:00 +0000",
      "clay_dough": "2024-07-29 07:48:12 +0000",
      "ahoy": "2024-07-29 07:21:07 +0000"
    },
    "done": false
  },
  "blazeandcave:biomes/tarzan": {
    "criteria": {
      "enter_vine": "2024-07-29 07:08:41 +0000"
    },
    "done": true
  },
  "blazeandcave:bacap/biomes_milestone": {
    "criteria": {
      "titanic": "2024-07-29 07:21:07 +0000",
      "just_keep_swimming": "2024-07-29 07:13:16 +0000",
      "root": "2024-07-29 07:19:00 +0000",
      "smooth_operator": "2024-07-29 07:14:56 +0000",
      "tarzan": "2024-07-29 07:08:42 +0000",
      "the_sea_calls_you": "2024-07-29 07:21:03 +0000",
      "ahoy": "2024-07-29 07:21:07 +0000"
    },
    "done": false
  },
  "blazeandcave:building/elmer_mudd": {
    "criteria": {
      "mud": "2024-07-29 07:10:58 +0000"
    },
    "done": false
  },
  "minecraft:recipes/building_blocks/packed_mud": {
    "criteria": {
      "has_mud": "2024-07-29 07:10:58 +0000"
    },
    "done": true
  },
  "blazeandcave:challenges/all_the_blocks": {
    "criteria": {
      "moss_carpet": "2024-07-29 07:39:53 +0000",
      "white_wool": "2024-07-29 07:41:35 +0000",
      "chest": "2024-07-29 07:44:24 +0000",
      "cobweb": "2024-07-29 07:40:57 +0000",
      "furnace": "2024-07-29 07:14:23 +0000",
      "crafting_table": "2024-07-29 07:12:01 +0000",
      "dirt": "2024-07-29 07:11:16 +0000",
      "moss_block": "2024-07-29 07:43:20 +0000",
      "torch": "2024-07-29 07:39:13 +0000",
      "mangrove_log": "2024-07-29 07:11:04 +0000",
      "lever": "2024-07-29 07:15:13 +0000",
      "mangrove_planks": "2024-07-29 07:11:58 +0000",
      "flowering_azalea": "2024-07-29 07:46:28 +0000",
      "cobblestone": "2024-07-29 07:13:22 +0000",
      "stripped_dark_oak_log": "2024-07-29 07:15:34 +0000",
      "spruce_planks": "2024-07-29 07:17:54 +0000",
      "big_dripleaf": "2024-07-29 07:48:04 +0000",
      "cobbled_deepslate": "2024-07-29 07:42:22 +0000",
      "mud": "2024-07-29 07:10:58 +0000",
      "spruce_wood": "2024-07-29 07:12:49 +0000"
    },
    "done": false
  },
  "minecraft:recipes/building_blocks/mangrove_planks": {
    "criteria": {
      "has_logs": "2024-07-29 07:11:04 +0000"
    },
    "done": true
  },
  "blazeandcave:building/yay_i_got_my_wood": {
    "criteria": {
      "mangrove_log": "2024-07-29 07:11:04 +0000"
    },
    "done": false
  },
  "blazeandcave:building/mangrove_master": {
    "criteria": {
      "mangrove_log": "2024-07-29 07:11:04 +0000",
      "mangrove_planks": "2024-07-29 07:11:58 +0000"
    },
    "done": false
  },
  "minecraft:recipes/misc/charcoal": {
    "criteria": {
      "has_log": "2024-07-29 07:11:04 +0000"
    },
    "done": true
  },
  "mcwbridges:recipes/mangrove_bridge_pier": {
    "criteria": {
      "has_planks": "2024-07-29 07:11:04 +0000"
    },
    "done": true
  },
  "minecraft:recipes/building_blocks/mangrove_wood": {
    "criteria": {
      "has_log": "2024-07-29 07:11:04 +0000"
    },
    "done": true
  },
  "blazeandcave:bacap/getting_wood": {
    "criteria": {
      "mangrove_log": "2024-07-29 07:11:04 +0000"
    },
    "done": true
  },
  "betternether:recipes/redstone/piston": {
    "criteria": {
      "has_tag_minecraft_planks": "2024-07-29 07:11:58 +0000"
    },
    "done": true
  },
  "minecraft:recipes/misc/stick": {
    "criteria": {
      "has_planks": "2024-07-29 07:11:58 +0000"
    },
    "done": true
  },
  "minecraft:recipes/redstone/mangrove_pressure_plate": {
    "criteria": {
      "has_planks": "2024-07-29 07:11:58 +0000"
    },
    "done": true
  },
  "minecraft:recipes/decorations/mangrove_sign": {
    "criteria": {
      "has_planks": "2024-07-29 07:11:58 +0000"
    },
    "done": true
  },
  "minecraft:recipes/decorations/barrel": {
    "criteria": {
      "has_planks": "2024-07-29 07:11:58 +0000"
    },
    "done": true
  },
  "bclib:recipes/redstone/tag_piston": {
    "criteria": {
      "has_tag_minecraft_planks": "2024-07-29 07:11:58 +0000"
    },
    "done": true
  },
  "minecraft:recipes/building_blocks/mangrove_stairs": {
    "criteria": {
      "has_planks": "2024-07-29 07:11:58 +0000"
    },
    "done": true
  },
  "mcwbridges:recipes/rope_mangrove_bridge": {
    "criteria": {
      "has_planks": "2024-07-29 07:11:58 +0000"
    },
    "done": true
  },
  "bclib:recipes/decorations/tag_smith_table": {
    "criteria": {
      "has_tag_minecraft_planks": "2024-07-29 07:11:58 +0000"
    },
    "done": true
  },
  "minecraft:recipes/redstone/mangrove_door": {
    "criteria": {
      "has_planks": "2024-07-29 07:11:58 +0000"
    },
    "done": true
  },
  "bclib:recipes/combat/tag_shield": {
    "criteria": {
      "has_tag_minecraft_planks": "2024-07-29 07:11:58 +0000"
    },
    "done": true
  },
  "betternether:recipes/combat/shield": {
    "criteria": {
      "has_tag_minecraft_planks": "2024-07-29 07:11:58 +0000"
    },
    "done": true
  },
  "minecraft:recipes/decorations/mangrove_fence": {
    "criteria": {
      "has_planks": "2024-07-29 07:11:58 +0000"
    },
    "done": true
  },
  "mcwbridges:recipes/mangrove_rail_bridge": {
    "criteria": {
      "has_planks": "2024-07-29 07:11:58 +0000"
    },
    "done": true
  },
  "minecraft:recipes/redstone/mangrove_trapdoor": {
    "criteria": {
      "has_planks": "2024-07-29 07:11:58 +0000"
    },
    "done": true
  },
  "minecraft:recipes/redstone/mangrove_fence_gate": {
    "criteria": {
      "has_planks": "2024-07-29 07:11:58 +0000"
    },
    "done": true
  },
  "minecraft:recipes/redstone/mangrove_button": {
    "criteria": {
      "has_planks": "2024-07-29 07:11:58 +0000"
    },
    "done": true
  },
  "mcwbridges:recipes/mangrove_log_bridge_middle": {
    "criteria": {
      "has_planks": "2024-07-29 07:11:58 +0000"
    },
    "done": true
  },
  "minecraft:recipes/building_blocks/mangrove_slab": {
    "criteria": {
      "has_planks": "2024-07-29 07:11:58 +0000"
    },
    "done": true
  },
  "travelersbackpack:recipes/misc/crafting_upgrade": {
    "criteria": {
      "has_crafting_table": "2024-07-29 07:12:01 +0000"
    },
    "done": true
  },
  "blazeandcave:building/root": {
    "criteria": {
      "crafting_table": "2024-07-29 07:12:01 +0000"
    },
    "done": true
  },
  "blazeandcave:technical/bacap_branch_end": {
    "criteria": {
      "crafting_table": "2024-07-29 07:12:01 +0000"
    },
    "done": true
  },
  "minecraft:story/root": {
    "criteria": {
      "crafting_table": "2024-07-29 07:12:01 +0000"
    },
    "done": true
  },
  "blazeandcave:bacap/building_milestone": {
    "criteria": {
      "clay_dough": "2024-07-29 07:48:12 +0000",
      "sweet_dreams": "2024-07-29 07:44:46 +0000",
      "root": "2024-07-29 07:12:02 +0000",
      "barking_mad": "2024-07-29 07:12:50 +0000",
      "torched": "2024-07-29 07:39:19 +0000"
    },
    "done": false
  },
  "minecraft:recipes/decorations/ladder": {
    "criteria": {
      "has_stick": "2024-07-29 07:12:05 +0000"
    },
    "done": true
  },
  "betternether:recipes/decorations/wart_ladder": {
    "criteria": {
      "has_stick": "2024-07-29 07:12:05 +0000"
    },
    "done": true
  },
  "betternether:recipes/decorations/nether_reed_fence": {
    "criteria": {
      "has_stick": "2024-07-29 07:12:05 +0000"
    },
    "done": true
  },
  "betternether:recipes/decorations/mushroom_fir_bar_stool": {
    "criteria": {
      "has_stick": "2024-07-29 07:12:05 +0000"
    },
    "done": true
  },
  "betternether:recipes/decorations/willow_taburet": {
    "criteria": {
      "has_stick": "2024-07-29 07:12:05 +0000"
    },
    "done": true
  },
  "betternether:recipes/decorations/birch_bar_stool": {
    "criteria": {
      "has_stick": "2024-07-29 07:12:05 +0000"
    },
    "done": true
  },
  "betternether:recipes/decorations/warped_chair": {
    "criteria": {
      "has_stick": "2024-07-29 07:12:05 +0000"
    },
    "done": true
  },
  "betternether:recipes/redstone/rubeus_gate": {
    "criteria": {
      "has_stick": "2024-07-29 07:12:05 +0000"
    },
    "done": true
  },
  "betternether:recipes/decorations/wart_fence": {
    "criteria": {
      "has_stick": "2024-07-29 07:12:05 +0000"
    },
    "done": true
  },
  "betternether:recipes/decorations/chair_cincinnasite": {
    "criteria": {
      "has_stick": "2024-07-29 07:12:05 +0000"
    },
    "done": true
  },
  "betternether:recipes/decorations/rubeus_taburet": {
    "criteria": {
      "has_stick": "2024-07-29 07:12:05 +0000"
    },
    "done": true
  },
  "betternether:recipes/decorations/crimson_chair": {
    "criteria": {
      "has_stick": "2024-07-29 07:12:05 +0000"
    },
    "done": true
  },
  "minecraft:recipes/tools/wooden_axe": {
    "criteria": {
      "has_stick": "2024-07-29 07:12:05 +0000"
    },
    "done": true
  },
  "betternether:recipes/decorations/crimson_bar_stool": {
    "criteria": {
      "has_stick": "2024-07-29 07:12:05 +0000"
    },
    "done": true
  },
  "betternether:recipes/decorations/jungle_bar_stool": {
    "criteria": {
      "has_stick": "2024-07-29 07:12:05 +0000"
    },
    "done": true
  },
  "betternether:recipes/decorations/wart_bar_stool": {
    "criteria": {
      "has_stick": "2024-07-29 07:12:05 +0000"
    },
    "done": true
  },
  "betternether:recipes/decorations/bamboo_chair": {
    "criteria": {
      "has_stick": "2024-07-29 07:12:05 +0000"
    },
    "done": true
  },
  "betternether:recipes/decorations/oak_taburet": {
    "criteria": {
      "has_stick": "2024-07-29 07:12:05 +0000"
    },
    "done": true
  },
  "betternether:recipes/decorations/cherry_taburet": {
    "criteria": {
      "has_stick": "2024-07-29 07:12:05 +0000"
    },
    "done": true
  },
  "betternether:recipes/decorations/nether_mushroom_bar_stool": {
    "criteria": {
      "has_stick": "2024-07-29 07:12:05 +0000"
    },
    "done": true
  },
  "betternether:recipes/decorations/willow_fence": {
    "criteria": {
      "has_stick": "2024-07-29 07:12:05 +0000"
    },
    "done": true
  },
  "betternether:recipes/decorations/bamboo_taburet": {
    "criteria": {
      "has_stick": "2024-07-29 07:12:05 +0000"
    },
    "done": true
  },
  "betternether:recipes/decorations/birch_chair": {
    "criteria": {
      "has_stick": "2024-07-29 07:12:05 +0000"
    },
    "done": true
  },
  "betternether:recipes/decorations/anchor_tree_bar_stool": {
    "criteria": {
      "has_stick": "2024-07-29 07:12:05 +0000"
    },
    "done": true
  },
  "betternether:recipes/decorations/crimson_taburet": {
    "criteria": {
      "has_stick": "2024-07-29 07:12:05 +0000"
    },
    "done": true
  },
  "betternether:recipes/decorations/anchor_tree_sign": {
    "criteria": {
      "has_stick": "2024-07-29 07:12:05 +0000"
    },
    "done": true
  },
  "betternether:recipes/transportation/rail": {
    "criteria": {
      "has_stick": "2024-07-29 07:12:05 +0000"
    },
    "done": true
  },
  "betternether:recipes/decorations/wart_sign": {
    "criteria": {
      "has_stick": "2024-07-29 07:12:05 +0000"
    },
    "done": true
  },
  "betternether:recipes/decorations/rubeus_chair": {
    "criteria": {
      "has_stick": "2024-07-29 07:12:05 +0000"
    },
    "done": true
  },
  "betternether:recipes/decorations/stalagnate_chair": {
    "criteria": {
      "has_stick": "2024-07-29 07:12:05 +0000"
    },
    "done": true
  },
  "betternether:recipes/redstone/mushroom_fir_gate": {
    "criteria": {
      "has_stick": "2024-07-29 07:12:05 +0000"
    },
    "done": true
  },
  "betternether:recipes/decorations/oak_bar_stool": {
    "criteria": {
      "has_stick": "2024-07-29 07:12:05 +0000"
    },
    "done": true
  },
  "betternether:recipes/decorations/birch_taburet": {
    "criteria": {
      "has_stick": "2024-07-29 07:12:05 +0000"
    },
    "done": true
  },
  "betternether:recipes/redstone/stalagnate_gate": {
    "criteria": {
      "has_stick": "2024-07-29 07:12:05 +0000"
    },
    "done": true
  },
  "betternether:recipes/decorations/nether_reed_sign": {
    "criteria": {
      "has_stick": "2024-07-29 07:12:05 +0000"
    },
    "done": true
  },
  "betternether:recipes/decorations/nether_reed_ladder": {
    "criteria": {
      "has_stick": "2024-07-29 07:12:05 +0000"
    },
    "done": true
  },
  "betternether:recipes/decorations/nether_reed_bar_stool": {
    "criteria": {
      "has_stick": "2024-07-29 07:12:05 +0000"
    },
    "done": true
  },
  "betternether:recipes/decorations/acacia_taburet": {
    "criteria": {
      "has_stick": "2024-07-29 07:12:05 +0000"
    },
    "done": true
  },
  "minecraft:recipes/decorations/campfire": {
    "criteria": {
      "has_stick": "2024-07-29 07:12:05 +0000"
    },
    "done": true
  },
  "minecraft:recipes/tools/wooden_hoe": {
    "criteria": {
      "has_stick": "2024-07-29 07:12:05 +0000"
    },
    "done": true
  },
  "betternether:recipes/decorations/mushroom_fir_fence": {
    "criteria": {
      "has_stick": "2024-07-29 07:12:05 +0000"
    },
    "done": true
  },
  "betternether:recipes/decorations/oak_chair": {
    "criteria": {
      "has_stick": "2024-07-29 07:12:05 +0000"
    },
    "done": true
  },
  "betternether:recipes/decorations/willow_ladder": {
    "criteria": {
      "has_stick": "2024-07-29 07:12:05 +0000"
    },
    "done": true
  },
  "betternether:recipes/decorations/jungle_chair": {
    "criteria": {
      "has_stick": "2024-07-29 07:12:05 +0000"
    },
    "done": true
  },
  "betternether:recipes/decorations/nether_sakura_fence": {
    "criteria": {
      "has_stick": "2024-07-29 07:12:05 +0000"
    },
    "done": true
  },
  "betternether:recipes/redstone/anchor_tree_gate": {
    "criteria": {
      "has_stick": "2024-07-29 07:12:05 +0000"
    },
    "done": true
  },
  "betternether:recipes/decorations/mushroom_fir_ladder": {
    "criteria": {
      "has_stick": "2024-07-29 07:12:05 +0000"
    },
    "done": true
  },
  "betternether:recipes/decorations/nether_sakura_ladder": {
    "criteria": {
      "has_stick": "2024-07-29 07:12:05 +0000"
    },
    "done": true
  },
  "minecraft:recipes/tools/wooden_shovel": {
    "criteria": {
      "has_stick": "2024-07-29 07:12:05 +0000"
    },
    "done": true
  },
  "betternether:recipes/decorations/nether_sakura_bar_stool": {
    "criteria": {
      "has_stick": "2024-07-29 07:12:05 +0000"
    },
    "done": true
  },
  "betternether:recipes/decorations/bamboo_bar_stool": {
    "criteria": {
      "has_stick": "2024-07-29 07:12:05 +0000"
    },
    "done": true
  },
  "betternether:recipes/decorations/dark_oak_taburet": {
    "criteria": {
      "has_stick": "2024-07-29 07:12:05 +0000"
    },
    "done": true
  },
  "betternether:recipes/decorations/mushroom_fir_taburet": {
    "criteria": {
      "has_stick": "2024-07-29 07:12:05 +0000"
    },
    "done": true
  },
  "minecraft:recipes/combat/wooden_sword": {
    "criteria": {
      "has_stick": "2024-07-29 07:12:05 +0000"
    },
    "done": true
  },
  "betternether:recipes/redstone/nether_sakura_gate": {
    "criteria": {
      "has_stick": "2024-07-29 07:12:05 +0000"
    },
    "done": true
  },
  "betternether:recipes/redstone/nether_reed_gate": {
    "criteria": {
      "has_stick": "2024-07-29 07:12:05 +0000"
    },
    "done": true
  },
  "betternether:recipes/decorations/mushroom_fir_sign": {
    "criteria": {
      "has_stick": "2024-07-29 07:12:05 +0000"
    },
    "done": true
  },
  "betternether:recipes/decorations/nether_mushroom_taburet": {
    "criteria": {
      "has_stick": "2024-07-29 07:12:05 +0000"
    },
    "done": true
  },
  "betternether:recipes/decorations/cherry_bar_stool": {
    "criteria": {
      "has_stick": "2024-07-29 07:12:05 +0000"
    },
    "done": true
  },
  "betternether:recipes/decorations/dark_oak_bar_stool": {
    "criteria": {
      "has_stick": "2024-07-29 07:12:05 +0000"
    },
    "done": true
  },
  "betternether:recipes/decorations/mushroom_fir_chair": {
    "criteria": {
      "has_stick": "2024-07-29 07:12:05 +0000"
    },
    "done": true
  },
  "betternether:recipes/decorations/mangrove_chair": {
    "criteria": {
      "has_stick": "2024-07-29 07:12:05 +0000"
    },
    "done": true
  },
  "betternether:recipes/decorations/warped_taburet": {
    "criteria": {
      "has_stick": "2024-07-29 07:12:05 +0000"
    },
    "done": true
  },
  "betternether:recipes/decorations/stalagnate_ladder": {
    "criteria": {
      "has_stick": "2024-07-29 07:12:05 +0000"
    },
    "done": true
  },
  "betternether:recipes/decorations/nether_sakura_chair": {
    "criteria": {
      "has_stick": "2024-07-29 07:12:05 +0000"
    },
    "done": true
  },
  "betternether:recipes/redstone/nether_mushroom_gate": {
    "criteria": {
      "has_stick": "2024-07-29 07:12:05 +0000"
    },
    "done": true
  },
  "betternether:recipes/decorations/dark_oak_chair": {
    "criteria": {
      "has_stick": "2024-07-29 07:12:05 +0000"
    },
    "done": true
  },
  "betternether:recipes/decorations/anchor_tree_chair": {
    "criteria": {
      "has_stick": "2024-07-29 07:12:05 +0000"
    },
    "done": true
  },
  "betternether:recipes/decorations/warped_bar_stool": {
    "criteria": {
      "has_stick": "2024-07-29 07:12:05 +0000"
    },
    "done": true
  },
  "betternether:recipes/decorations/anchor_tree_taburet": {
    "criteria": {
      "has_stick": "2024-07-29 07:12:05 +0000"
    },
    "done": true
  },
  "betternether:recipes/decorations/warped_ladder": {
    "criteria": {
      "has_stick": "2024-07-29 07:12:05 +0000"
    },
    "done": true
  },
  "betternether:recipes/decorations/stalagnate_taburet": {
    "criteria": {
      "has_stick": "2024-07-29 07:12:05 +0000"
    },
    "done": true
  },
  "betternether:recipes/decorations/acacia_chair": {
    "criteria": {
      "has_stick": "2024-07-29 07:12:05 +0000"
    },
    "done": true
  },
  "betternether:recipes/decorations/spruce_taburet": {
    "criteria": {
      "has_stick": "2024-07-29 07:12:05 +0000"
    },
    "done": true
  },
  "bclib:recipes/transportation/tag_rail": {
    "criteria": {
      "has_stick": "2024-07-29 07:12:05 +0000"
    },
    "done": true
  },
  "betternether:recipes/decorations/wart_taburet": {
    "criteria": {
      "has_stick": "2024-07-29 07:12:05 +0000"
    },
    "done": true
  },
  "betternether:recipes/decorations/bar_stool_cincinnasite": {
    "criteria": {
      "has_stick": "2024-07-29 07:12:05 +0000"
    },
    "done": true
  },
  "betternether:recipes/decorations/rubeus_ladder": {
    "criteria": {
      "has_stick": "2024-07-29 07:12:05 +0000"
    },
    "done": true
  },
  "betternether:recipes/decorations/willow_sign": {
    "criteria": {
      "has_stick": "2024-07-29 07:12:05 +0000"
    },
    "done": true
  },
  "betternether:recipes/decorations/mangrove_bar_stool": {
    "criteria": {
      "has_stick": "2024-07-29 07:12:05 +0000"
    },
    "done": true
  },
  "betternether:recipes/decorations/rubeus_sign": {
    "criteria": {
      "has_stick": "2024-07-29 07:12:05 +0000"
    },
    "done": true
  },
  "betternether:recipes/decorations/acacia_bar_stool": {
    "criteria": {
      "has_stick": "2024-07-29 07:12:05 +0000"
    },
    "done": true
  },
  "betternether:recipes/decorations/willow_bar_stool": {
    "criteria": {
      "has_stick": "2024-07-29 07:12:05 +0000"
    },
    "done": true
  },
  "betternether:recipes/decorations/rubeus_fence": {
    "criteria": {
      "has_stick": "2024-07-29 07:12:05 +0000"
    },
    "done": true
  },
  "betternether:recipes/decorations/nether_reed_chair": {
    "criteria": {
      "has_stick": "2024-07-29 07:12:05 +0000"
    },
    "done": true
  },
  "betternether:recipes/redstone/wart_gate": {
    "criteria": {
      "has_stick": "2024-07-29 07:12:05 +0000"
    },
    "done": true
  },
  "betternether:recipes/decorations/nether_sakura_taburet": {
    "criteria": {
      "has_stick": "2024-07-29 07:12:05 +0000"
    },
    "done": true
  },
  "minecraft:recipes/tools/wooden_pickaxe": {
    "criteria": {
      "has_stick": "2024-07-29 07:12:05 +0000"
    },
    "done": true
  },
  "betternether:recipes/decorations/jungle_taburet": {
    "criteria": {
      "has_stick": "2024-07-29 07:12:05 +0000"
    },
    "done": true
  },
  "betternether:recipes/decorations/stalagnate_sign": {
    "criteria": {
      "has_stick": "2024-07-29 07:12:05 +0000"
    },
    "done": true
  },
  "betternether:recipes/decorations/anchor_tree_fence": {
    "criteria": {
      "has_stick": "2024-07-29 07:12:05 +0000"
    },
    "done": true
  },
  "blazeandcave:challenges/all_the_items": {
    "criteria": {
      "water_bucket": "2024-07-29 07:43:04 +0000",
      "raw_iron": "2024-07-29 07:38:24 +0000",
      "shield": "2024-07-29 07:17:59 +0000",
      "saddle": "2024-07-29 07:15:39 +0000",
      "string": "2024-07-29 07:41:01 +0000",
      "arrow": "2024-07-29 07:51:25 +0000",
      "iron_chestplate": "2024-07-29 07:22:27 +0000",
      "clay_ball": "2024-07-29 07:48:12 +0000",
      "stone_sword": "2024-07-29 07:14:35 +0000",
      "axolotl_bucket": "2024-07-29 08:17:19 +0000",
      "bowl": "2024-07-29 07:21:53 +0000",
      "wild_armor_trim": "2024-07-29 07:17:08 +0000",
      "tropical_fish": "2024-07-29 07:46:52 +0000",
      "iron_ingot": "2024-07-29 07:15:16 +0000",
      "spider_eye": "2024-07-29 07:48:21 +0000",
      "iron_boots": "2024-07-29 07:22:32 +0000",
      "diamond_leggings": "2024-07-29 08:10:12 +0000",
      "gold_ingot": "2024-07-29 07:15:15 +0000",
      "diamond_helmet": "2024-07-29 08:10:35 +0000",
      "iron_pickaxe": "2024-07-29 07:18:08 +0000",
      "stick": "2024-07-29 07:12:05 +0000",
      "diamond_chestplate": "2024-07-29 08:10:10 +0000",
      "diamond_boots": "2024-07-29 08:10:14 +0000",
      "stone_pickaxe": "2024-07-29 07:13:38 +0000",
      "iron_helmet": "2024-07-29 07:22:35 +0000",
      "enchanted_book": "2024-07-29 07:15:17 +0000",
      "wheat_seeds": "2024-07-29 07:39:40 +0000",
      "suspicious_stew": "2024-07-29 07:21:48 +0000",
      "rotten_flesh": "2024-07-29 07:47:26 +0000",
      "wooden_pickaxe": "2024-07-29 07:12:07 +0000",
      "glow_berries": "2024-07-29 07:42:25 +0000",
      "salmon": "2024-07-29 07:27:00 +0000",
      "bone": "2024-07-29 07:15:30 +0000",
      "iron_leggings": "2024-07-29 07:22:30 +0000",
      "bucket": "2024-07-29 07:42:43 +0000",
      "diamond": "2024-07-29 07:45:22 +0000",
      "coal": "2024-07-29 07:30:47 +0000",
      "cooked_salmon": "2024-07-29 07:27:32 +0000",
      "nautilus_shell": "2024-07-29 07:21:06 +0000",
      "stone_axe": "2024-07-29 07:14:31 +0000",
      "redstone": "2024-07-29 07:15:35 +0000",
      "emerald": "2024-07-29 07:15:23 +0000",
      "carrot": "2024-07-29 07:21:43 +0000"
    },
    "done": false
  },
  "betternether:recipes/decorations/nether_mushroom_fence": {
    "criteria": {
      "has_stick": "2024-07-29 07:12:05 +0000"
    },
    "done": true
  },
  "betternether:recipes/decorations/nether_sakura_sign": {
    "criteria": {
      "has_stick": "2024-07-29 07:12:05 +0000"
    },
    "done": true
  },
  "betternether:recipes/decorations/rubeus_bar_stool": {
    "criteria": {
      "has_stick": "2024-07-29 07:12:05 +0000"
    },
    "done": true
  },
  "betternether:recipes/decorations/wart_chair": {
    "criteria": {
      "has_stick": "2024-07-29 07:12:05 +0000"
    },
    "done": true
  },
  "betternether:recipes/decorations/nether_mushroom_ladder": {
    "criteria": {
      "has_stick": "2024-07-29 07:12:05 +0000"
    },
    "done": true
  },
  "betternether:recipes/decorations/nether_reed_taburet": {
    "criteria": {
      "has_stick": "2024-07-29 07:12:05 +0000"
    },
    "done": true
  },
  "betternether:recipes/decorations/stalagnate_fence": {
    "criteria": {
      "has_stick": "2024-07-29 07:12:05 +0000"
    },
    "done": true
  },
  "betternether:recipes/decorations/nether_mushroom_chair": {
    "criteria": {
      "has_stick": "2024-07-29 07:12:05 +0000"
    },
    "done": true
  },
  "betternether:recipes/decorations/nether_mushroom_sign": {
    "criteria": {
      "has_stick": "2024-07-29 07:12:05 +0000"
    },
    "done": true
  },
  "betternether:recipes/decorations/spruce_chair": {
    "criteria": {
      "has_stick": "2024-07-29 07:12:05 +0000"
    },
    "done": true
  },
  "betternether:recipes/decorations/mangrove_taburet": {
    "criteria": {
      "has_stick": "2024-07-29 07:12:05 +0000"
    },
    "done": true
  },
  "betternether:recipes/decorations/anchor_tree_ladder": {
    "criteria": {
      "has_stick": "2024-07-29 07:12:05 +0000"
    },
    "done": true
  },
  "betternether:recipes/transportation/activator_rail": {
    "criteria": {
      "has_stick": "2024-07-29 07:12:05 +0000"
    },
    "done": true
  },
  "betternether:recipes/decorations/cherry_chair": {
    "criteria": {
      "has_stick": "2024-07-29 07:12:05 +0000"
    },
    "done": true
  },
  "betternether:recipes/redstone/willow_gate": {
    "criteria": {
      "has_stick": "2024-07-29 07:12:05 +0000"
    },
    "done": true
  },
  "betternether:recipes/decorations/willow_chair": {
    "criteria": {
      "has_stick": "2024-07-29 07:12:05 +0000"
    },
    "done": true
  },
  "betternether:recipes/decorations/spruce_bar_stool": {
    "criteria": {
      "has_stick": "2024-07-29 07:12:05 +0000"
    },
    "done": true
  },
  "betternether:recipes/decorations/taburet_cincinnasite": {
    "criteria": {
      "has_stick": "2024-07-29 07:12:05 +0000"
    },
    "done": true
  },
  "betternether:recipes/decorations/stalagnate_bar_stool": {
    "criteria": {
      "has_stick": "2024-07-29 07:12:05 +0000"
    },
    "done": true
  },
  "betternether:recipes/decorations/crimson_ladder": {
    "criteria": {
      "has_stick": "2024-07-29 07:12:05 +0000"
    },
    "done": true
  },
  "gravestones:recipes/decorations/gravestone": {
    "criteria": {
      "has_stick": "2024-07-29 07:12:05 +0000"
    },
    "done": true
  },
  "blazeandcave:challenges/stack_all_the_items": {
    "criteria": {
      "water_bucket": "2024-07-29 07:43:04 +0000",
      "shield": "2024-07-29 07:17:59 +0000",
      "suspicious_stew": "2024-07-29 07:21:48 +0000",
      "saddle": "2024-07-29 07:15:39 +0000",
      "wooden_pickaxe": "2024-07-29 07:12:07 +0000",
      "iron_chestplate": "2024-07-29 07:22:27 +0000",
      "iron_leggings": "2024-07-29 07:22:30 +0000",
      "stone_sword": "2024-07-29 07:14:35 +0000",
      "axolotl_bucket": "2024-07-29 08:17:19 +0000",
      "iron_boots": "2024-07-29 07:22:32 +0000",
      "diamond_leggings": "2024-07-29 08:10:12 +0000",
      "diamond_helmet": "2024-07-29 08:10:35 +0000",
      "iron_pickaxe": "2024-07-29 07:18:08 +0000",
      "diamond_chestplate": "2024-07-29 08:10:10 +0000",
      "diamond_boots": "2024-07-29 08:10:14 +0000",
      "stone_pickaxe": "2024-07-29 07:13:38 +0000",
      "iron_helmet": "2024-07-29 07:22:35 +0000",
      "stone_axe": "2024-07-29 07:14:31 +0000",
      "enchanted_book": "2024-07-29 07:15:17 +0000"
    },
    "done": false
  },
  "blazeandcave:bacap/time_to_mine": {
    "criteria": {
      "wooden_pickaxe": "2024-07-29 07:12:07 +0000"
    },
    "done": true
  },
  "blazeandcave:mining/root": {
    "criteria": {
      "pickaxe": "2024-07-29 07:12:07 +0000"
    },
    "done": true
  },
  "blazeandcave:bacap/mining_milestone": {
    "criteria": {
      "a_shiny_treat": "2024-07-29 07:51:48 +0000",
      "diamonds": "2024-07-29 07:45:22 +0000",
      "eeuuwww": "2024-07-29 07:40:58 +0000",
      "iggy": "2024-07-29 07:46:29 +0000",
      "lucky_break": "2024-07-29 07:38:26 +0000",
      "acquire_hardware": "2024-07-29 07:15:17 +0000",
      "leaflet_drop": "2024-07-29 07:48:04 +0000",
      "iron_man": "2024-07-29 07:22:38 +0000",
      "hot_topic": "2024-07-29 07:14:24 +0000",
      "fossil_fuel": "2024-07-29 07:30:48 +0000",
      "deep_slate_nine": "2024-07-29 07:42:21 +0000",
      "cover_me_with_diamonds": "2024-07-29 08:10:39 +0000",
      "stone_age": "2024-07-29 07:13:23 +0000",
      "diamond_clad": "2024-07-29 08:10:39 +0000",
      "seeing_red": "2024-07-29 07:15:36 +0000",
      "isnt_it_iron_pick": "2024-07-29 07:18:09 +0000",
      "this_is_mine_now": "2024-07-29 07:43:26 +0000",
      "gold_rush": "2024-07-29 07:15:16 +0000",
      "root": "2024-07-29 07:12:08 +0000",
      "heart_of_darkness": "2024-07-29 07:15:09 +0000",
      "suit_up": "2024-07-29 07:22:37 +0000",
      "getting_an_upgrade": "2024-07-29 07:13:39 +0000"
    },
    "done": false
  },
  "blazeandcave:challenges/explorer_of_worlds": {
    "criteria": {
      "frozen_ocean": "2024-07-29 07:21:02 +0000",
      "frozen_river": "2024-07-29 07:20:14 +0000",
      "snowy_plains": "2024-07-29 07:30:31 +0000",
      "lush_caves": "2024-07-29 07:38:09 +0000",
      "snowy_taiga": "2024-07-29 07:12:27 +0000",
      "snowy_beach": "2024-07-29 07:12:21 +0000"
    },
    "done": false
  },
  "minecraft:adventure/adventuring_time": {
    "criteria": {
      "frozen_ocean": "2024-07-29 07:21:02 +0000",
      "snowy_plains": "2024-07-29 07:30:31 +0000",
      "beach": "2024-07-29 07:12:21 +0000",
      "river": "2024-07-29 07:20:14 +0000",
      "snowy_taiga": "2024-07-29 07:12:27 +0000"
    },
    "done": false
  },
  "blazeandcave:biomes/the_boreal_deal": {
    "criteria": {
      "snowy_taiga": "2024-07-29 07:12:27 +0000"
    },
    "done": false
  },
  "repurposed_structures:temples": {
    "criteria": {
      "in_temple_taiga": "2024-07-29 07:12:40 +0000"
    },
    "done": false
  },
  "blazeandcave:building/barking_mad": {
    "criteria": {
      "oak_wood": "2024-07-29 07:12:49 +0000"
    },
    "done": true
  },
  "blazeandcave:building/spruce_lee": {
    "criteria": {
      "spruce_planks": "2024-07-29 07:17:54 +0000",
      "spruce_wood": "2024-07-29 07:12:49 +0000"
    },
    "done": false
  },
  "minecraft:recipes/building_blocks/spruce_planks": {
    "criteria": {
      "has_logs": "2024-07-29 07:12:49 +0000"
    },
    "done": true
  },
  "vanilla_refresh:player/hurt": {
    "criteria": {
      "requirement": "2024-07-29 07:12:56 +0000"
    },
    "done": true
  },
  "minecraft:recipes/transportation/cherry_boat": {
    "criteria": {
      "in_water": "2024-07-29 07:13:15 +0000"
    },
    "done": true
  },
  "minecraft:recipes/transportation/bamboo_raft": {
    "criteria": {
      "in_water": "2024-07-29 07:13:15 +0000"
    },
    "done": true
  },
  "minecraft:recipes/transportation/acacia_boat": {
    "criteria": {
      "in_water": "2024-07-29 07:13:15 +0000"
    },
    "done": true
  },
  "minecraft:recipes/transportation/jungle_boat": {
    "criteria": {
      "in_water": "2024-07-29 07:13:15 +0000"
    },
    "done": true
  },
  "minecraft:recipes/transportation/spruce_boat": {
    "criteria": {
      "in_water": "2024-07-29 07:13:15 +0000"
    },
    "done": true
  },
  "minecraft:recipes/transportation/birch_boat": {
    "criteria": {
      "in_water": "2024-07-29 07:13:15 +0000"
    },
    "done": true
  },
  "minecraft:recipes/transportation/oak_boat": {
    "criteria": {
      "in_water": "2024-07-29 07:13:15 +0000"
    },
    "done": true
  },
  "minecraft:recipes/transportation/mangrove_boat": {
    "criteria": {
      "in_water": "2024-07-29 07:13:15 +0000"
    },
    "done": true
  },
  "blazeandcave:biomes/just_keep_swimming": {
    "criteria": {
      "enter_water": "2024-07-29 07:13:15 +0000"
    },
    "done": true
  },
  "blazeandcave:technical/fail_dragon_vs": {
    "criteria": {
      "enter_water": "2024-07-29 07:13:15 +0000"
    },
    "done": true
  },
  "minecraft:recipes/transportation/dark_oak_boat": {
    "criteria": {
      "in_water": "2024-07-29 07:13:15 +0000"
    },
    "done": true
  },
  "minecraft:story/mine_stone": {
    "criteria": {
      "cobblestone": "2024-07-29 07:13:22 +0000"
    },
    "done": true
  },
  "minecraft:recipes/decorations/furnace": {
    "criteria": {
      "has_cobblestone": "2024-07-29 07:13:22 +0000"
    },
    "done": true
  },
  "minecraft:recipes/building_blocks/cobblestone_slab_from_cobblestone_stonecutting": {
    "criteria": {
      "has_cobblestone": "2024-07-29 07:13:22 +0000"
    },
    "done": true
  },
  "minecraft:recipes/building_blocks/stone": {
    "criteria": {
      "has_cobblestone": "2024-07-29 07:13:22 +0000"
    },
    "done": true
  },
  "minecraft:recipes/tools/stone_pickaxe": {
    "criteria": {
      "has_cobblestone": "2024-07-29 07:13:22 +0000"
    },
    "done": true
  },
  "minecraft:recipes/building_blocks/cobblestone_slab": {
    "criteria": {
      "has_cobblestone": "2024-07-29 07:13:22 +0000"
    },
    "done": true
  },
  "minecraft:recipes/decorations/cobblestone_wall_from_cobblestone_stonecutting": {
    "criteria": {
      "has_cobblestone": "2024-07-29 07:13:22 +0000"
    },
    "done": true
  },
  "minecraft:recipes/building_blocks/cobblestone_stairs": {
    "criteria": {
      "has_cobblestone": "2024-07-29 07:13:22 +0000"
    },
    "done": true
  },
  "minecraft:recipes/tools/stone_shovel": {
    "criteria": {
      "has_cobblestone": "2024-07-29 07:13:22 +0000"
    },
    "done": true
  },
  "minecraft:recipes/redstone/lever": {
    "criteria": {
      "has_cobblestone": "2024-07-29 07:13:22 +0000"
    },
    "done": true
  },
  "minecraft:recipes/combat/stone_sword": {
    "criteria": {
      "has_cobblestone": "2024-07-29 07:13:22 +0000"
    },
    "done": true
  },
  "minecraft:recipes/decorations/cobblestone_wall": {
    "criteria": {
      "has_cobblestone": "2024-07-29 07:13:22 +0000"
    },
    "done": true
  },
  "minecraft:recipes/tools/stone_axe": {
    "criteria": {
      "has_cobblestone": "2024-07-29 07:13:22 +0000"
    },
    "done": true
  },
  "blazeandcave:building/rock_collection": {
    "criteria": {
      "cobblestone": "2024-07-29 07:13:22 +0000",
      "cobbled_deepslate": "2024-07-29 07:42:22 +0000"
    },
    "done": false
  },
  "mcwbridges:recipes/cobblestone_bridge": {
    "criteria": {
      "has_planks": "2024-07-29 07:13:22 +0000"
    },
    "done": true
  },
  "mcwbridges:recipes/cobblestone_bridge_pier": {
    "criteria": {
      "has_planks": "2024-07-29 07:13:22 +0000"
    },
    "done": true
  },
  "mcwbridges:recipes/cobblestone_bridge_stair": {
    "criteria": {
      "has_planks": "2024-07-29 07:13:22 +0000"
    },
    "done": true
  },
  "mcwbridges:recipes/balustrade_cobblestone_bridge": {
    "criteria": {
      "has_planks": "2024-07-29 07:13:22 +0000"
    },
    "done": true
  },
  "minecraft:recipes/building_blocks/cobblestone_stairs_from_cobblestone_stonecutting": {
    "criteria": {
      "has_cobblestone": "2024-07-29 07:13:22 +0000"
    },
    "done": true
  },
  "minecraft:recipes/tools/stone_hoe": {
    "criteria": {
      "has_cobblestone": "2024-07-29 07:13:22 +0000"
    },
    "done": true
  },
  "blazeandcave:mining/moar_tools": {
    "criteria": {
      "stone_pickaxe": "2024-07-29 07:13:38 +0000",
      "stone_axe": "2024-07-29 07:14:31 +0000"
    },
    "done": false
  },
  "minecraft:recipes/decorations/torch": {
    "criteria": {
      "has_stone_pickaxe": "2024-07-29 07:13:38 +0000"
    },
    "done": true
  },
  "minecraft:story/upgrade_tools": {
    "criteria": {
      "stone_pickaxe": "2024-07-29 07:13:38 +0000"
    },
    "done": true
  },
  "blazeandcave:redstone/engineer": {
    "criteria": {
      "white_wool": "2024-07-29 07:41:35 +0000",
      "chest": "2024-07-29 07:44:24 +0000",
      "furnace": "2024-07-29 07:14:23 +0000",
      "string": "2024-07-29 07:41:01 +0000",
      "big_dripleaf": "2024-07-29 07:48:04 +0000",
      "lever": "2024-07-29 07:15:13 +0000",
      "redstone": "2024-07-29 07:15:35 +0000"
    },
    "done": false
  },
  "blazeandcave:mining/hot_topic": {
    "criteria": {
      "furnace": "2024-07-29 07:14:23 +0000"
    },
    "done": true
  },
  "minecraft:recipes/decorations/smoker": {
    "criteria": {
      "has_furnace": "2024-07-29 07:14:23 +0000"
    },
    "done": true
  },
  "blazeandcave:bacap/time_to_chop": {
    "criteria": {
      "stone_axe": "2024-07-29 07:14:31 +0000"
    },
    "done": true
  },
  "blazeandcave:bacap/time_to_strike": {
    "criteria": {
      "stone_sword": "2024-07-29 07:14:35 +0000"
    },
    "done": true
  },
  "blazeandcave:weaponry/root": {
    "criteria": {
      "sword": "2024-07-29 07:14:35 +0000"
    },
    "done": true
  },
  "blazeandcave:monsters/root": {
    "criteria": {
      "sword": "2024-07-29 07:14:35 +0000"
    },
    "done": true
  },
  "blazeandcave:bacap/weaponry_milestone": {
    "criteria": {
      "root": "2024-07-29 07:14:36 +0000",
      "shield_luck": "2024-07-29 07:20:37 +0000",
      "sir_knight": "2024-07-29 07:18:00 +0000"
    },
    "done": false
  },
  "blazeandcave:bacap/monsters_milestone": {
    "criteria": {
      "dead_dont_die": "2024-07-29 07:47:27 +0000",
      "root": "2024-07-29 07:14:36 +0000",
      "monster_hunter": "2024-07-29 07:47:27 +0000",
      "ew_ew_ew": "2024-07-29 07:48:21 +0000",
      "not_today_thank_you": "2024-07-29 07:50:36 +0000",
      "spooky_skeleton": "2024-07-29 07:51:26 +0000"
    },
    "done": false
  },
  "minecraft:recipes/decorations/chest": {
    "criteria": {
      "has_lots_of_items": "2024-07-29 07:14:43 +0000"
    },
    "done": true
  },
  "blazeandcave:biomes/smooth_operator": {
    "criteria": {
      "smooth_operator": "2024-07-29 07:14:55 +0000"
    },
    "done": true
  },
  "blazeandcave:mining/heart_of_darkness": {
    "criteria": {
      "enter_cave": "2024-07-29 07:15:08 +0000"
    },
    "done": true
  },
  "blazeandcave:redstone/leveraging_synergy": {
    "criteria": {
      "lever": "2024-07-29 07:15:08 +0000"
    },
    "done": true
  },
  "blazeandcave:bacap/redstone_milestone": {
    "criteria": {
      "leveraging_synergy": "2024-07-29 07:15:09 +0000",
      "root": "2024-07-29 07:15:36 +0000"
    },
    "done": false
  },
  "minecraft:recipes/tools/golden_axe": {
    "criteria": {
      "has_gold_ingot": "2024-07-29 07:15:15 +0000"
    },
    "done": true
  },
  "minecraft:recipes/tools/golden_pickaxe": {
    "criteria": {
      "has_gold_ingot": "2024-07-29 07:15:15 +0000"
    },
    "done": true
  },
  "minecraft:recipes/misc/gold_nugget": {
    "criteria": {
      "has_gold_ingot": "2024-07-29 07:15:15 +0000"
    },
    "done": true
  },
  "minecraft:recipes/tools/golden_shovel": {
    "criteria": {
      "has_gold_ingot": "2024-07-29 07:15:15 +0000"
    },
    "done": true
  },
  "minecraft:recipes/food/golden_apple": {
    "criteria": {
      "has_gold_ingot": "2024-07-29 07:15:15 +0000"
    },
    "done": true
  },
  "minecraft:recipes/combat/golden_boots": {
    "criteria": {
      "has_gold_ingot": "2024-07-29 07:15:15 +0000"
    },
    "done": true
  },
  "minecraft:recipes/combat/golden_chestplate": {
    "criteria": {
      "has_gold_ingot": "2024-07-29 07:15:15 +0000"
    },
    "done": true
  },
  "travelersbackpack:recipes/misc/gold": {
    "criteria": {
      "has_gold_ingot": "2024-07-29 07:15:15 +0000"
    },
    "done": true
  },
  "minecraft:recipes/redstone/light_weighted_pressure_plate": {
    "criteria": {
      "has_gold_ingot": "2024-07-29 07:15:15 +0000"
    },
    "done": true
  },
  "minecraft:recipes/combat/golden_sword": {
    "criteria": {
      "has_gold_ingot": "2024-07-29 07:15:15 +0000"
    },
    "done": true
  },
  "minecraft:recipes/building_blocks/gold_block": {
    "criteria": {
      "has_gold_ingot": "2024-07-29 07:15:15 +0000"
    },
    "done": true
  },
  "blazeandcave:mining/gold_rush": {
    "criteria": {
      "gold_ingot": "2024-07-29 07:15:15 +0000"
    },
    "done": true
  },
  "minecraft:recipes/combat/golden_helmet": {
    "criteria": {
      "has_gold_ingot": "2024-07-29 07:15:15 +0000"
    },
    "done": true
  },
  "travelersbackpack:recipes/misc/gold_tier_upgrade": {
    "criteria": {
      "has_gold_ingot": "2024-07-29 07:15:15 +0000"
    },
    "done": true
  },
  "minecraft:recipes/tools/golden_hoe": {
    "criteria": {
      "has_gold_ingot": "2024-07-29 07:15:15 +0000"
    },
    "done": true
  },
  "minecraft:recipes/combat/golden_leggings": {
    "criteria": {
      "has_gold_ingot": "2024-07-29 07:15:15 +0000"
    },
    "done": true
  },
  "bclib:recipes/tools/tag_compass": {
    "criteria": {
      "has_tag_c_iron_ingots": "2024-07-29 07:15:16 +0000"
    },
    "done": true
  },
  "travelersbackpack:recipes/misc/backpack_tank": {
    "criteria": {
      "has_iron": "2024-07-29 07:15:16 +0000"
    },
    "done": true
  },
  "minecraft:recipes/combat/iron_helmet": {
    "criteria": {
      "has_iron_ingot": "2024-07-29 07:15:16 +0000"
    },
    "done": true
  },
  "minecraft:recipes/tools/shears": {
    "criteria": {
      "has_iron_ingot": "2024-07-29 07:15:16 +0000"
    },
    "done": true
  },
  "minecraft:recipes/building_blocks/iron_block": {
    "criteria": {
      "has_iron_ingot": "2024-07-29 07:15:16 +0000"
    },
    "done": true
  },
  "mcwbridges:recipes/iron_bridge_pier": {
    "criteria": {
      "has_planks": "2024-07-29 07:15:16 +0000"
    },
    "done": true
  },
  "minecraft:recipes/redstone/hopper": {
    "criteria": {
      "has_iron_ingot": "2024-07-29 07:15:16 +0000"
    },
    "done": true
  },
  "travelersbackpack:recipes/misc/iron": {
    "criteria": {
      "has_iron_ingot": "2024-07-29 07:15:16 +0000"
    },
    "done": true
  },
  "minecraft:recipes/combat/iron_boots": {
    "criteria": {
      "has_iron_ingot": "2024-07-29 07:15:16 +0000"
    },
    "done": true
  },
  "minecraft:recipes/decorations/lantern": {
    "criteria": {
      "has_iron_ingot": "2024-07-29 07:15:16 +0000"
    },
    "done": true
  },
  "bclib:recipes/transportation/tag_minecart": {
    "criteria": {
      "has_tag_c_iron_ingots": "2024-07-29 07:15:16 +0000"
    },
    "done": true
  },
  "minecraft:recipes/tools/iron_shovel": {
    "criteria": {
      "has_iron_ingot": "2024-07-29 07:15:16 +0000"
    },
    "done": true
  },
  "bclib:recipes/misc/tag_bucket": {
    "criteria": {
      "has_tag_c_iron_ingots": "2024-07-29 07:15:16 +0000"
    },
    "done": true
  },
  "mcwbridges:recipes/iron_bridge": {
    "criteria": {
      "has_planks": "2024-07-29 07:15:16 +0000"
    },
    "done": true
  },
  "minecraft:recipes/redstone/iron_trapdoor": {
    "criteria": {
      "has_iron_ingot": "2024-07-29 07:15:16 +0000"
    },
    "done": true
  },
  "minecraft:recipes/combat/crossbow": {
    "criteria": {
      "has_iron_ingot": "2024-07-29 07:15:16 +0000"
    },
    "done": true
  },
  "minecraft:recipes/redstone/heavy_weighted_pressure_plate": {
    "criteria": {
      "has_iron_ingot": "2024-07-29 07:15:16 +0000"
    },
    "done": true
  },
  "minecraft:recipes/combat/iron_leggings": {
    "criteria": {
      "has_iron_ingot": "2024-07-29 07:15:16 +0000"
    },
    "done": true
  },
  "minecraft:recipes/combat/iron_chestplate": {
    "criteria": {
      "has_iron_ingot": "2024-07-29 07:15:16 +0000"
    },
    "done": true
  },
  "minecraft:recipes/misc/iron_nugget": {
    "criteria": {
      "has_iron_ingot": "2024-07-29 07:15:16 +0000"
    },
    "done": true
  },
  "minecraft:recipes/misc/bucket": {
    "criteria": {
      "has_iron_ingot": "2024-07-29 07:15:16 +0000"
    },
    "done": true
  },
  "minecraft:recipes/transportation/minecart": {
    "criteria": {
      "has_iron_ingot": "2024-07-29 07:15:16 +0000"
    },
    "done": true
  },
  "minecraft:recipes/tools/iron_hoe": {
    "criteria": {
      "has_iron_ingot": "2024-07-29 07:15:16 +0000"
    },
    "done": true
  },
  "minecraft:story/smelt_iron": {
    "criteria": {
      "iron": "2024-07-29 07:15:16 +0000"
    },
    "done": true
  },
  "minecraft:recipes/decorations/chain": {
    "criteria": {
      "has_iron_ingot": "2024-07-29 07:15:16 +0000"
    },
    "done": true
  },
  "minecraft:recipes/decorations/smithing_table": {
    "criteria": {
      "has_iron_ingot": "2024-07-29 07:15:16 +0000"
    },
    "done": true
  },
  "minecraft:recipes/combat/iron_sword": {
    "criteria": {
      "has_iron_ingot": "2024-07-29 07:15:16 +0000"
    },
    "done": true
  },
  "minecraft:recipes/tools/iron_pickaxe": {
    "criteria": {
      "has_iron_ingot": "2024-07-29 07:15:16 +0000"
    },
    "done": true
  },
  "minecraft:recipes/combat/shield": {
    "criteria": {
      "has_iron_ingot": "2024-07-29 07:15:16 +0000"
    },
    "done": true
  },
  "minecraft:recipes/decorations/iron_bars": {
    "criteria": {
      "has_iron_ingot": "2024-07-29 07:15:16 +0000"
    },
    "done": true
  },
  "travelersbackpack:recipes/misc/iron_tier_upgrade": {
    "criteria": {
      "has_iron_ingot": "2024-07-29 07:15:16 +0000"
    },
    "done": true
  },
  "travelersbackpack:recipes/misc/hose_nozzle": {
    "criteria": {
      "has_iron": "2024-07-29 07:15:16 +0000"
    },
    "done": true
  },
  "minecraft:recipes/tools/iron_axe": {
    "criteria": {
      "has_iron_ingot": "2024-07-29 07:15:16 +0000"
    },
    "done": true
  },
  "bclib:recipes/redstone/tag_hopper": {
    "criteria": {
      "has_tag_c_iron_ingots": "2024-07-29 07:15:16 +0000"
    },
    "done": true
  },
  "bclib:recipes/brewing/tag_cauldron": {
    "criteria": {
      "has_tag_c_iron_ingots": "2024-07-29 07:15:16 +0000"
    },
    "done": true
  },
  "mcwbridges:recipes/pliers": {
    "criteria": {
      "has_planks": "2024-07-29 07:15:16 +0000"
    },
    "done": true
  },
  "bclib:recipes/decorations/tag_stonecutter": {
    "criteria": {
      "has_tag_c_iron_ingots": "2024-07-29 07:15:16 +0000"
    },
    "done": true
  },
  "minecraft:recipes/redstone/iron_door": {
    "criteria": {
      "has_iron_ingot": "2024-07-29 07:15:16 +0000"
    },
    "done": true
  },
  "blazeandcave:enchanting/master_enchanter": {
    "criteria": {
      "fire_protection_book": "2024-07-29 07:15:17 +0000"
    },
    "done": false
  },
  "blazeandcave:enchanting/complete_enchanter": {
    "criteria": {
      "feather_falling_book": "2024-07-29 07:38:25 +0000",
      "fire_protection_book": "2024-07-29 07:15:17 +0000"
    },
    "done": false
  },
  "blazeandcave:enchanting/armor_for_the_masses": {
    "criteria": {
      "fire_protection_book": "2024-07-29 07:15:17 +0000"
    },
    "done": false
  },
  "blazeandcave:challenges/ultimate_enchanter": {
    "criteria": {
      "feather_falling2_book": "2024-07-29 07:38:25 +0000",
      "fire_protection4_book": "2024-07-29 07:15:17 +0000"
    },
    "done": false
  },
  "blazeandcave:enchanting/fiery": {
    "criteria": {
      "fire_protection_book": "2024-07-29 07:15:17 +0000"
    },
    "done": false
  },
  "minecraft:recipes/building_blocks/emerald_block": {
    "criteria": {
      "has_emerald": "2024-07-29 07:15:23 +0000"
    },
    "done": true
  },
  "travelersbackpack:recipes/misc/emerald": {
    "criteria": {
      "has_emerald": "2024-07-29 07:15:23 +0000"
    },
    "done": true
  },
  "minecraft:recipes/misc/bone_meal": {
    "criteria": {
      "has_bone": "2024-07-29 07:15:30 +0000"
    },
    "done": true
  },
  "travelersbackpack:recipes/misc/wolf": {
    "criteria": {
      "has_bone": "2024-07-29 07:15:30 +0000"
    },
    "done": true
  },
  "minecraft:recipes/building_blocks/stripped_dark_oak_wood": {
    "criteria": {
      "has_log": "2024-07-29 07:15:34 +0000"
    },
    "done": true
  },
  "minecraft:recipes/decorations/dark_oak_hanging_sign": {
    "criteria": {
      "has_stripped_logs": "2024-07-29 07:15:34 +0000"
    },
    "done": true
  },
  "minecraft:recipes/building_blocks/dark_oak_planks": {
    "criteria": {
      "has_log": "2024-07-29 07:15:34 +0000"
    },
    "done": true
  },
  "blazeandcave:building/professor_dark_oak": {
    "criteria": {
      "stripped_dark_oak_log": "2024-07-29 07:15:34 +0000"
    },
    "done": false
  },
  "minecraft:recipes/redstone/redstone_torch": {
    "criteria": {
      "has_redstone": "2024-07-29 07:15:35 +0000"
    },
    "done": true
  },
  "minecraft:recipes/redstone/target": {
    "criteria": {
      "has_redstone": "2024-07-29 07:15:35 +0000"
    },
    "done": true
  },
  "minecraft:recipes/tools/compass": {
    "criteria": {
      "has_redstone": "2024-07-29 07:15:35 +0000"
    },
    "done": true
  },
  "blazeandcave:mining/seeing_red": {
    "criteria": {
      "redstone": "2024-07-29 07:15:35 +0000"
    },
    "done": true
  },
  "minecraft:recipes/redstone/redstone_block": {
    "criteria": {
      "has_redstone": "2024-07-29 07:15:35 +0000"
    },
    "done": true
  },
  "blazeandcave:redstone/root": {
    "criteria": {
      "redstone": "2024-07-29 07:15:35 +0000"
    },
    "done": true
  },
  "minecraft:recipes/tools/clock": {
    "criteria": {
      "has_redstone": "2024-07-29 07:15:35 +0000"
    },
    "done": true
  },
  "minecraft:recipes/redstone/note_block": {
    "criteria": {
      "has_redstone": "2024-07-29 07:15:35 +0000"
    },
    "done": true
  },
  "travelersbackpack:recipes/misc/redstone": {
    "criteria": {
      "has_redstone": "2024-07-29 07:15:35 +0000"
    },
    "done": true
  },
  "betternether:recipes/transportation/detector_rail": {
    "criteria": {
      "has_redstone": "2024-07-29 07:15:35 +0000"
    },
    "done": true
  },
  "minecraft:recipes/redstone/dropper": {
    "criteria": {
      "has_redstone": "2024-07-29 07:15:35 +0000"
    },
    "done": true
  },
  "minecraft:recipes/redstone/piston": {
    "criteria": {
      "has_redstone": "2024-07-29 07:15:35 +0000"
    },
    "done": true
  },
  "blazeandcave:potion/a_much_more_doable_challenge": {
    "criteria": {
      "poison": "2024-07-29 07:16:43 +0000"
    },
    "done": false
  },
  "blazeandcave:weaponry/multiclassed": {
    "criteria": {
      "sword": "2024-07-29 07:27:00 +0000",
      "pickaxe": "2024-07-29 07:16:57 +0000"
    },
    "done": false
  },
  "blazeandcave:adventure/good_lookin_treasure": {
    "criteria": {
      "trim_templates": "2024-07-29 07:17:08 +0000"
    },
    "done": true
  },
  "minecraft:recipes/misc/wild_armor_trim_smithing_template": {
    "criteria": {
      "has_wild_armor_trim_smithing_template": "2024-07-29 07:17:08 +0000"
    },
    "done": true
  },
  "minecraft:recipes/misc/wild_armor_trim_smithing_template_smithing_trim": {
    "criteria": {
      "has_smithing_trim_template": "2024-07-29 07:17:08 +0000"
    },
    "done": true
  },
  "blazeandcave:bacap/adventure_milestone": {
    "criteria": {
      "good_lookin_treasure": "2024-07-29 07:17:09 +0000",
      "root": "2024-07-29 07:19:00 +0000"
    },
    "done": false
  },
  "mcwbridges:recipes/spruce_rail_bridge": {
    "criteria": {
      "has_planks": "2024-07-29 07:17:54 +0000"
    },
    "done": true
  },
  "mcwbridges:recipes/rope_spruce_bridge": {
    "criteria": {
      "has_planks": "2024-07-29 07:17:54 +0000"
    },
    "done": true
  },
  "minecraft:recipes/decorations/spruce_fence": {
    "criteria": {
      "has_planks": "2024-07-29 07:17:54 +0000"
    },
    "done": true
  },
  "minecraft:recipes/redstone/spruce_button": {
    "criteria": {
      "has_planks": "2024-07-29 07:17:54 +0000"
    },
    "done": true
  },
  "minecraft:recipes/redstone/spruce_pressure_plate": {
    "criteria": {
      "has_planks": "2024-07-29 07:17:54 +0000"
    },
    "done": true
  },
  "minecraft:recipes/decorations/spruce_sign": {
    "criteria": {
      "has_planks": "2024-07-29 07:17:54 +0000"
    },
    "done": true
  },
  "minecraft:recipes/building_blocks/spruce_slab": {
    "criteria": {
      "has_planks": "2024-07-29 07:17:54 +0000"
    },
    "done": true
  },
  "mcwbridges:recipes/spruce_log_bridge_middle": {
    "criteria": {
      "has_planks": "2024-07-29 07:17:54 +0000"
    },
    "done": true
  },
  "minecraft:recipes/redstone/spruce_trapdoor": {
    "criteria": {
      "has_planks": "2024-07-29 07:17:54 +0000"
    },
    "done": true
  },
  "minecraft:recipes/redstone/spruce_door": {
    "criteria": {
      "has_planks": "2024-07-29 07:17:54 +0000"
    },
    "done": true
  },
  "minecraft:recipes/redstone/spruce_fence_gate": {
    "criteria": {
      "has_planks": "2024-07-29 07:17:54 +0000"
    },
    "done": true
  },
  "minecraft:recipes/building_blocks/spruce_stairs": {
    "criteria": {
      "has_planks": "2024-07-29 07:17:54 +0000"
    },
    "done": true
  },
  "blazeandcave:weaponry/sir_knight": {
    "criteria": {
      "shield": "2024-07-29 07:17:59 +0000"
    },
    "done": true
  },
  "minecraft:recipes/misc/iron_nugget_from_smelting": {
    "criteria": {
      "has_iron_pickaxe": "2024-07-29 07:18:08 +0000"
    },
    "done": true
  },
  "minecraft:story/iron_tools": {
    "criteria": {
      "iron_pickaxe": "2024-07-29 07:18:08 +0000"
    },
    "done": true
  },
  "minecraft:recipes/misc/iron_nugget_from_blasting": {
    "criteria": {
      "has_iron_pickaxe": "2024-07-29 07:18:08 +0000"
    },
    "done": true
  },
  "blazeandcave:biomes/root": {
    "criteria": {
      "killed_by_something": "2024-07-29 07:18:59 +0000"
    },
    "done": true
  },
  "minecraft:adventure/root": {
    "criteria": {
      "killed_by_something": "2024-07-29 07:18:59 +0000"
    },
    "done": true
  },
  "blazeandcave:challenges/death_from_all": {
    "criteria": {
      "skeleton": "2024-07-29 07:19:19 +0000",
      "zombie": "2024-07-29 07:18:59 +0000"
    },
    "done": false
  },
  "blazeandcave:weaponry/master_shieldsman": {
    "criteria": {
      "skeleton": "2024-07-29 07:50:36 +0000",
      "spider": "2024-07-29 07:20:36 +0000"
    },
    "done": false
  },
  "blazeandcave:weaponry/shield_luck": {
    "criteria": {
      "deflected_trident": "2024-07-29 07:20:36 +0000"
    },
    "done": true
  },
  "blazeandcave:biomes/the_sea_calls_you": {
    "criteria": {
      "ocean": "2024-07-29 07:21:02 +0000"
    },
    "done": true
  },
  "blazeandcave:biomes/wet_feet": {
    "criteria": {
      "frozen_ocean": "2024-07-29 07:21:02 +0000"
    },
    "done": false
  },
  "blazeandcave:adventure/raidin_master": {
    "criteria": {
      "shipwreck": "2024-07-29 07:21:06 +0000",
      "mineshaft": "2024-07-29 07:43:25 +0000"
    },
    "done": false
  },
  "hopo:minecraft/adventure/locate_all_underwater_structures": {
    "criteria": {
      "locate_shipwreck": "2024-07-29 07:21:06 +0000"
    },
    "done": false
  },
  "minecraft:recipes/misc/conduit": {
    "criteria": {
      "has_nautilus_shell": "2024-07-29 07:21:06 +0000"
    },
    "done": true
  },
  "blazeandcave:biomes/titanic": {
    "criteria": {
      "iceberg": "2024-07-29 07:21:06 +0000"
    },
    "done": true
  },
  "blazeandcave:biomes/ahoy": {
    "criteria": {
      "shipwreck": "2024-07-29 07:21:06 +0000"
    },
    "done": true
  },
  "blazeandcave:challenges/i_am_loot": {
    "criteria": {
      "shipwreck_supply": "2024-07-29 07:21:41 +0000"
    },
    "done": false
  },
  "minecraft:recipes/transportation/carrot_on_a_stick": {
    "criteria": {
      "has_carrot": "2024-07-29 07:21:43 +0000"
    },
    "done": true
  },
  "blazeandcave:farming/a_gluttonous_diet": {
    "criteria": {
      "suspicious_stew": "2024-07-29 07:21:48 +0000"
    },
    "done": false
  },
  "blazeandcave:farming/suspicious_looking_stew": {
    "criteria": {
      "suspicious_stew": "2024-07-29 07:21:53 +0000"
    },
    "done": true
  },
  "blazeandcave:farming/vegetarian": {
    "criteria": {
      "suspicious_stew": "2024-07-29 07:21:53 +0000",
      "glow_berries": "2024-07-29 07:51:47 +0000",
      "carrot": "2024-07-29 07:26:52 +0000"
    },
    "done": false
  },
  "minecraft:husbandry/root": {
    "criteria": {
      "consumed_item": "2024-07-29 07:21:53 +0000"
    },
    "done": true
  },
  "minecraft:recipes/food/mushroom_stew": {
    "criteria": {
      "has_bowl": "2024-07-29 07:21:53 +0000"
    },
    "done": true
  },
  "minecraft:husbandry/balanced_diet": {
    "criteria": {
      "suspicious_stew": "2024-07-29 07:21:53 +0000",
      "glow_berries": "2024-07-29 07:51:47 +0000",
      "cooked_salmon": "2024-07-29 07:27:35 +0000",
      "carrot": "2024-07-29 07:26:52 +0000"
    },
    "done": false
  },
  "blazeandcave:bacap/farming_milestone": {
    "criteria": {
      "suspicious_looking_stew": "2024-07-29 07:21:54 +0000"
    },
    "done": false
  },
  "blazeandcave:bacap/animal_milestone": {
    "criteria": {
      "delicious_fish": "2024-07-29 07:27:35 +0000",
      "the_cutest_predator": "2024-07-29 08:17:19 +0000",
      "root": "2024-07-29 07:21:54 +0000",
      "direct_fishing": "2024-07-29 07:27:00 +0000",
      "grinding_nemo": "2024-07-29 07:46:52 +0000"
    },
    "done": false
  },
  "minecraft:story/obtain_armor": {
    "criteria": {
      "iron_helmet": "2024-07-29 07:22:37 +0000"
    },
    "done": true
  },
  "blazeandcave:mining/iron_man": {
    "criteria": {
      "iron_armor": "2024-07-29 07:22:38 +0000"
    },
    "done": true
  },
  "blazeandcave:statistics/the_first_night": {
    "criteria": {
      "trigger": "2024-07-29 07:26:36 +0000"
    },
    "done": true
  },
  "blazeandcave:statistics/root": {
    "criteria": {
      "the_first_night": "2024-07-29 07:26:37 +0000"
    },
    "done": true
  },
  "blazeandcave:bacap/statistics_milestone": {
    "criteria": {
      "root": "2024-07-29 07:26:38 +0000",
      "spring_in_your_step": "2024-07-29 08:12:36 +0000",
      "the_first_night": "2024-07-29 07:26:37 +0000"
    },
    "done": false
  },
  "blazeandcave:technical/stat_branch2_mid": {
    "criteria": {
      "root": "2024-07-29 07:26:38 +0000"
    },
    "done": true
  },
  "blazeandcave:technical/stat_branch6_mid": {
    "criteria": {
      "root": "2024-07-29 07:26:38 +0000"
    },
    "done": true
  },
  "blazeandcave:technical/stat_branch1_mid": {
    "criteria": {
      "root": "2024-07-29 07:26:38 +0000"
    },
    "done": true
  },
  "blazeandcave:technical/stat_branch5_mid": {
    "criteria": {
      "root": "2024-07-29 07:26:38 +0000"
    },
    "done": true
  },
  "blazeandcave:technical/stat_branch9_mid": {
    "criteria": {
      "root": "2024-07-29 07:26:38 +0000"
    },
    "done": true
  },
  "blazeandcave:technical/stat_branch4_mid": {
    "criteria": {
      "root": "2024-07-29 07:26:38 +0000"
    },
    "done": true
  },
  "blazeandcave:technical/stat_branch8_mid": {
    "criteria": {
      "root": "2024-07-29 07:26:38 +0000"
    },
    "done": true
  },
  "blazeandcave:technical/stat_branch3_mid": {
    "criteria": {
      "root": "2024-07-29 07:26:38 +0000"
    },
    "done": true
  },
  "blazeandcave:technical/stat_branch7_mid": {
    "criteria": {
      "root": "2024-07-29 07:26:38 +0000"
    },
    "done": true
  },
  "minecraft:recipes/food/cooked_salmon_from_campfire_cooking": {
    "criteria": {
      "has_salmon": "2024-07-29 07:27:00 +0000"
    },
    "done": true
  },
  "minecraft:recipes/food/cooked_salmon": {
    "criteria": {
      "has_salmon": "2024-07-29 07:27:00 +0000"
    },
    "done": true
  },
  "minecraft:recipes/food/cooked_salmon_from_smoking": {
    "criteria": {
      "has_salmon": "2024-07-29 07:27:00 +0000"
    },
    "done": true
  },
  "blazeandcave:animal/direct_fishing": {
    "criteria": {
      "salmon": "2024-07-29 07:27:00 +0000"
    },
    "done": true
  },
  "blazeandcave:animal/delicious_fish": {
    "criteria": {
      "cooked_salmon": "2024-07-29 07:27:35 +0000"
    },
    "done": true
  },
  "blazeandcave:farming/meat_lovers": {
    "criteria": {
      "cooked_salmon": "2024-07-29 07:27:35 +0000"
    },
    "done": false
  },
  "mcwbridges:recipes/bridge_lantern": {
    "criteria": {
      "has_planks": "2024-07-29 07:30:47 +0000"
    },
    "done": true
  },
  "travelersbackpack:recipes/misc/coal": {
    "criteria": {
      "has_coal": "2024-07-29 07:30:47 +0000"
    },
    "done": true
  },
  "blazeandcave:mining/fossil_fuel": {
    "criteria": {
      "coal": "2024-07-29 07:30:47 +0000"
    },
    "done": true
  },
  "minecraft:recipes/building_blocks/coal_block": {
    "criteria": {
      "has_coal": "2024-07-29 07:30:47 +0000"
    },
    "done": true
  },
  "blazeandcave:mining/spelunker": {
    "criteria": {
      "lush_caves": "2024-07-29 07:38:09 +0000"
    },
    "done": false
  },
  "repurposed_structures:mineshafts": {
    "criteria": {
      "in_mineshaft_icy": "2024-07-29 07:38:11 +0000"
    },
    "done": false
  },
  "minecraft:recipes/building_blocks/raw_iron_block": {
    "criteria": {
      "has_raw_iron": "2024-07-29 07:38:24 +0000"
    },
    "done": true
  },
  "minecraft:recipes/misc/iron_ingot_from_blasting_raw_iron": {
    "criteria": {
      "has_raw_iron": "2024-07-29 07:38:24 +0000"
    },
    "done": true
  },
  "minecraft:recipes/misc/iron_ingot_from_smelting_raw_iron": {
    "criteria": {
      "has_raw_iron": "2024-07-29 07:38:24 +0000"
    },
    "done": true
  },
  "blazeandcave:mining/lucky_break": {
    "criteria": {
      "lucky_break": "2024-07-29 07:38:25 +0000"
    },
    "done": true
  },
  "betternether:recipes/building_blocks/whispering_gourd_lantern": {
    "criteria": {
      "has_torch": "2024-07-29 07:39:13 +0000"
    },
    "done": true
  },
  "mcwbridges:recipes/bridge_torch": {
    "criteria": {
      "has_planks": "2024-07-29 07:39:13 +0000"
    },
    "done": true
  },
  "blazeandcave:building/torched": {
    "criteria": {
      "torch": "2024-07-29 07:39:18 +0000"
    },
    "done": true
  },
  "blazeandcave:mining/eeuuwww": {
    "criteria": {
      "cobweb": "2024-07-29 07:40:57 +0000"
    },
    "done": true
  },
  "minecraft:recipes/redstone/tripwire_hook": {
    "criteria": {
      "has_string": "2024-07-29 07:41:01 +0000"
    },
    "done": true
  },
  "minecraft:recipes/decorations/candle": {
    "criteria": {
      "has_string": "2024-07-29 07:41:01 +0000"
    },
    "done": true
  },
  "minecraft:recipes/combat/bow": {
    "criteria": {
      "has_string": "2024-07-29 07:41:01 +0000"
    },
    "done": true
  },
  "minecraft:recipes/tools/fishing_rod": {
    "criteria": {
      "has_string": "2024-07-29 07:41:01 +0000"
    },
    "done": true
  },
  "travelersbackpack:recipes/misc/spider": {
    "criteria": {
      "has_string": "2024-07-29 07:41:01 +0000"
    },
    "done": true
  },
  "minecraft:recipes/building_blocks/white_wool_from_string": {
    "criteria": {
      "has_string": "2024-07-29 07:41:01 +0000"
    },
    "done": true
  },
  "minecraft:recipes/decorations/loom": {
    "criteria": {
      "has_string": "2024-07-29 07:41:01 +0000"
    },
    "done": true
  },
  "blazeandcave:animal/rainbow_collection": {
    "criteria": {
      "white_wool": "2024-07-29 07:41:35 +0000"
    },
    "done": false
  },
  "travelersbackpack:recipes/misc/sheep": {
    "criteria": {
      "has_white_wool": "2024-07-29 07:41:35 +0000"
    },
    "done": true
  },
  "minecraft:recipes/decorations/white_bed": {
    "criteria": {
      "has_white_wool": "2024-07-29 07:41:35 +0000"
    },
    "done": true
  },
  "minecraft:recipes/decorations/painting": {
    "criteria": {
      "has_wool": "2024-07-29 07:41:35 +0000"
    },
    "done": true
  },
  "travelersbackpack:recipes/decorations/white_sleeping_bag": {
    "criteria": {
      "has_white_wool": "2024-07-29 07:41:35 +0000"
    },
    "done": true
  },
  "minecraft:recipes/decorations/white_carpet": {
    "criteria": {
      "has_white_wool": "2024-07-29 07:41:35 +0000"
    },
    "done": true
  },
  "minecraft:recipes/decorations/white_banner": {
    "criteria": {
      "has_white_wool": "2024-07-29 07:41:35 +0000"
    },
    "done": true
  },
  "blazeandcave:mining/deep_slate_nine": {
    "criteria": {
      "deepslate_level": "2024-07-29 07:42:20 +0000"
    },
    "done": true
  },
  "minecraft:recipes/building_blocks/polished_deepslate": {
    "criteria": {
      "has_cobbled_deepslate": "2024-07-29 07:42:22 +0000"
    },
    "done": true
  },
  "minecraft:recipes/building_blocks/deepslate_tile_stairs_from_cobbled_deepslate_stonecutting": {
    "criteria": {
      "has_cobbled_deepslate": "2024-07-29 07:42:22 +0000"
    },
    "done": true
  },
  "minecraft:recipes/building_blocks/cobbled_deepslate_slab": {
    "criteria": {
      "has_cobbled_deepslate": "2024-07-29 07:42:22 +0000"
    },
    "done": true
  },
  "blazeandcave:building/deepslate_conspiracy": {
    "criteria": {
      "cobbled_deepslate": "2024-07-29 07:42:22 +0000"
    },
    "done": false
  },
  "minecraft:recipes/building_blocks/polished_deepslate_stairs_from_cobbled_deepslate_stonecutting": {
    "criteria": {
      "has_cobbled_deepslate": "2024-07-29 07:42:22 +0000"
    },
    "done": true
  },
  "minecraft:recipes/decorations/deepslate_brick_wall_from_cobbled_deepslate_stonecutting": {
    "criteria": {
      "has_cobbled_deepslate": "2024-07-29 07:42:22 +0000"
    },
    "done": true
  },
  "minecraft:recipes/building_blocks/polished_deepslate_from_cobbled_deepslate_stonecutting": {
    "criteria": {
      "has_cobbled_deepslate": "2024-07-29 07:42:22 +0000"
    },
    "done": true
  },
  "minecraft:recipes/building_blocks/cobbled_deepslate_slab_from_cobbled_deepslate_stonecutting": {
    "criteria": {
      "has_cobbled_deepslate": "2024-07-29 07:42:22 +0000"
    },
    "done": true
  },
  "minecraft:recipes/building_blocks/deepslate_tile_slab_from_cobbled_deepslate_stonecutting": {
    "criteria": {
      "has_cobbled_deepslate": "2024-07-29 07:42:22 +0000"
    },
    "done": true
  },
  "minecraft:recipes/decorations/deepslate_tile_wall_from_cobbled_deepslate_stonecutting": {
    "criteria": {
      "has_cobbled_deepslate": "2024-07-29 07:42:22 +0000"
    },
    "done": true
  },
  "minecraft:recipes/building_blocks/deepslate_brick_stairs_from_cobbled_deepslate_stonecutting": {
    "criteria": {
      "has_cobbled_deepslate": "2024-07-29 07:42:22 +0000"
    },
    "done": true
  },
  "minecraft:recipes/building_blocks/chiseled_deepslate_from_cobbled_deepslate_stonecutting": {
    "criteria": {
      "has_cobbled_deepslate": "2024-07-29 07:42:22 +0000"
    },
    "done": true
  },
  "minecraft:recipes/decorations/cobbled_deepslate_wall_from_cobbled_deepslate_stonecutting": {
    "criteria": {
      "has_cobbled_deepslate": "2024-07-29 07:42:22 +0000"
    },
    "done": true
  },
  "minecraft:recipes/decorations/cobbled_deepslate_wall": {
    "criteria": {
      "has_cobbled_deepslate": "2024-07-29 07:42:22 +0000"
    },
    "done": true
  },
  "minecraft:recipes/decorations/polished_deepslate_wall_from_cobbled_deepslate_stonecutting": {
    "criteria": {
      "has_cobbled_deepslate": "2024-07-29 07:42:22 +0000"
    },
    "done": true
  },
  "minecraft:recipes/building_blocks/cobbled_deepslate_stairs_from_cobbled_deepslate_stonecutting": {
    "criteria": {
      "has_cobbled_deepslate": "2024-07-29 07:42:22 +0000"
    },
    "done": true
  },
  "minecraft:recipes/building_blocks/deepslate": {
    "criteria": {
      "has_cobbled_deepslate": "2024-07-29 07:42:22 +0000"
    },
    "done": true
  },
  "minecraft:recipes/building_blocks/polished_deepslate_slab_from_cobbled_deepslate_stonecutting": {
    "criteria": {
      "has_cobbled_deepslate": "2024-07-29 07:42:22 +0000"
    },
    "done": true
  },
  "minecraft:recipes/building_blocks/deepslate_brick_slab_from_cobbled_deepslate_stonecutting": {
    "criteria": {
      "has_cobbled_deepslate": "2024-07-29 07:42:22 +0000"
    },
    "done": true
  },
  "minecraft:recipes/building_blocks/cobbled_deepslate_stairs": {
    "criteria": {
      "has_cobbled_deepslate": "2024-07-29 07:42:22 +0000"
    },
    "done": true
  },
  "minecraft:recipes/building_blocks/deepslate_bricks_from_cobbled_deepslate_stonecutting": {
    "criteria": {
      "has_cobbled_deepslate": "2024-07-29 07:42:22 +0000"
    },
    "done": true
  },
  "minecraft:recipes/building_blocks/deepslate_tiles_from_cobbled_deepslate_stonecutting": {
    "criteria": {
      "has_cobbled_deepslate": "2024-07-29 07:42:22 +0000"
    },
    "done": true
  },
  "minecraft:recipes/brewing/cauldron": {
    "criteria": {
      "has_water_bucket": "2024-07-29 07:43:04 +0000"
    },
    "done": true
  },
  "minecraft:recipes/building_blocks/mossy_cobblestone_from_moss_block": {
    "criteria": {
      "has_moss_block": "2024-07-29 07:43:20 +0000"
    },
    "done": true
  },
  "minecraft:recipes/decorations/moss_carpet": {
    "criteria": {
      "has_moss_block": "2024-07-29 07:43:20 +0000"
    },
    "done": true
  },
  "minecraft:recipes/building_blocks/mossy_stone_bricks_from_moss_block": {
    "criteria": {
      "has_moss_block": "2024-07-29 07:43:20 +0000"
    },
    "done": true
  },
  "hopo:minecraft/adventure/all_mineshaft": {
    "criteria": {
      "locate_vanilla_mineshaft": "2024-07-29 07:43:25 +0000"
    },
    "done": false
  },
  "blazeandcave:mining/this_is_mine_now": {
    "criteria": {
      "mineshaft": "2024-07-29 07:43:25 +0000"
    },
    "done": true
  },
  "betternether:recipes/transportation/mushroom_fir_chest_boat": {
    "criteria": {
      "has_tag_c_chest": "2024-07-29 07:44:24 +0000"
    },
    "done": true
  },
  "bclib:recipes/decorations/tag_shulker_box": {
    "criteria": {
      "has_tag_c_chest": "2024-07-29 07:44:24 +0000"
    },
    "done": true
  },
  "betternether:recipes/transportation/stalagnate_chest_boat": {
    "criteria": {
      "has_tag_c_chest": "2024-07-29 07:44:24 +0000"
    },
    "done": true
  },
  "betternether:recipes/transportation/crimson_chest_boat": {
    "criteria": {
      "has_tag_c_chest": "2024-07-29 07:44:24 +0000"
    },
    "done": true
  },
  "betternether:recipes/transportation/wart_chest_boat": {
    "criteria": {
      "has_tag_c_chest": "2024-07-29 07:44:24 +0000"
    },
    "done": true
  },
  "betternether:recipes/transportation/nether_reed_chest_boat": {
    "criteria": {
      "has_tag_c_chest": "2024-07-29 07:44:24 +0000"
    },
    "done": true
  },
  "betternether:recipes/transportation/nether_mushroom_chest_boat": {
    "criteria": {
      "has_tag_c_chest": "2024-07-29 07:44:24 +0000"
    },
    "done": true
  },
  "betternether:recipes/transportation/nether_sakura_chest_boat": {
    "criteria": {
      "has_tag_c_chest": "2024-07-29 07:44:24 +0000"
    },
    "done": true
  },
  "betternether:recipes/transportation/anchor_tree_chest_boat": {
    "criteria": {
      "has_tag_c_chest": "2024-07-29 07:44:24 +0000"
    },
    "done": true
  },
  "travelersbackpack:recipes/misc/standard": {
    "criteria": {
      "has_chest": "2024-07-29 07:44:24 +0000"
    },
    "done": true
  },
  "travelersbackpack:recipes/misc/blank_upgrade": {
    "criteria": {
      "has_chest": "2024-07-29 07:44:24 +0000"
    },
    "done": true
  },
  "betternether:recipes/transportation/warped_chest_boat": {
    "criteria": {
      "has_tag_c_chest": "2024-07-29 07:44:24 +0000"
    },
    "done": true
  },
  "betternether:recipes/transportation/rubeus_chest_boat": {
    "criteria": {
      "has_tag_c_chest": "2024-07-29 07:44:24 +0000"
    },
    "done": true
  },
  "betternether:recipes/transportation/willow_chest_boat": {
    "criteria": {
      "has_tag_c_chest": "2024-07-29 07:44:24 +0000"
    },
    "done": true
  },
  "minecraft:adventure/sleep_in_bed": {
    "criteria": {
      "slept_in_bed": "2024-07-29 07:44:45 +0000"
    },
    "done": true
  },
  "blazeandcave:biomes/master_spelunker": {
    "criteria": {
      "thermal_caves": "2024-07-29 08:17:54 +0000",
      "deep_caves": "2024-07-29 07:45:03 +0000"
    },
    "done": false
  },
  "betternether:recipes/misc/copy_bowl_upgrade": {
    "criteria": {
      "has_diamond": "2024-07-29 07:45:22 +0000"
    },
    "done": true
  },
  "minecraft:recipes/combat/diamond_sword": {
    "criteria": {
      "has_diamond": "2024-07-29 07:45:22 +0000"
    },
    "done": true
  },
  "minecraft:recipes/decorations/jukebox": {
    "criteria": {
      "has_diamond": "2024-07-29 07:45:22 +0000"
    },
    "done": true
  },
  "minecraft:recipes/combat/diamond_chestplate": {
    "criteria": {
      "has_diamond": "2024-07-29 07:45:22 +0000"
    },
    "done": true
  },
  "minecraft:recipes/tools/diamond_pickaxe": {
    "criteria": {
      "has_diamond": "2024-07-29 07:45:22 +0000"
    },
    "done": true
  },
  "minecraft:recipes/tools/diamond_hoe": {
    "criteria": {
      "has_diamond": "2024-07-29 07:45:22 +0000"
    },
    "done": true
  },
  "minecraft:recipes/tools/diamond_shovel": {
    "criteria": {
      "has_diamond": "2024-07-29 07:45:22 +0000"
    },
    "done": true
  },
  "travelersbackpack:recipes/misc/diamond_tier_upgrade": {
    "criteria": {
      "has_diamond": "2024-07-29 07:45:22 +0000"
    },
    "done": true
  },
  "minecraft:recipes/combat/diamond_helmet": {
    "criteria": {
      "has_diamond": "2024-07-29 07:45:22 +0000"
    },
    "done": true
  },
  "travelersbackpack:recipes/misc/diamond": {
    "criteria": {
      "has_diamond": "2024-07-29 07:45:22 +0000"
    },
    "done": true
  },
  "minecraft:recipes/building_blocks/diamond_block": {
    "criteria": {
      "has_diamond": "2024-07-29 07:45:22 +0000"
    },
    "done": true
  },
  "minecraft:story/mine_diamond": {
    "criteria": {
      "diamond": "2024-07-29 07:45:22 +0000"
    },
    "done": true
  },
  "minecraft:recipes/combat/diamond_leggings": {
    "criteria": {
      "has_diamond": "2024-07-29 07:45:22 +0000"
    },
    "done": true
  },
  "minecraft:recipes/combat/diamond_boots": {
    "criteria": {
      "has_diamond": "2024-07-29 07:45:22 +0000"
    },
    "done": true
  },
  "betternether:recipes/misc/copy_flaming_ruby_upgrade": {
    "criteria": {
      "has_diamond": "2024-07-29 07:45:22 +0000"
    },
    "done": true
  },
  "minecraft:recipes/tools/diamond_axe": {
    "criteria": {
      "has_diamond": "2024-07-29 07:45:22 +0000"
    },
    "done": true
  },
  "betternether:recipes/misc/copy_cincinnasite_diamond_upgrade": {
    "criteria": {
      "has_diamond": "2024-07-29 07:45:22 +0000"
    },
    "done": true
  },
  "blazeandcave:mining/iggy": {
    "criteria": {
      "flowering_azalea": "2024-07-29 07:46:28 +0000"
    },
    "done": true
  },
  "blazeandcave:animal/grinding_nemo": {
    "criteria": {
      "tropical_fish": "2024-07-29 07:46:52 +0000"
    },
    "done": true
  },
  "minecraft:adventure/kill_all_mobs": {
    "criteria": {
      "minecraft:skeleton": "2024-07-29 07:51:25 +0000",
      "minecraft:spider": "2024-07-29 07:48:20 +0000",
      "minecraft:zombie": "2024-07-29 07:47:26 +0000"
    },
    "done": false
  },
  "blazeandcave:monsters/dead_dont_die": {
    "criteria": {
      "zombie": "2024-07-29 07:47:26 +0000"
    },
    "done": true
  },
  "blazeandcave:monsters/night_runner": {
    "criteria": {
      "skeleton": "2024-07-29 07:51:25 +0000",
      "zombie": "2024-07-29 07:47:26 +0000",
      "spider": "2024-07-29 07:48:20 +0000"
    },
    "done": false
  },
  "minecraft:adventure/kill_a_mob": {
    "criteria": {
      "monster_hunter": "2024-07-29 07:47:26 +0000"
    },
    "done": true
  },
  "blazeandcave:mining/leaflet_drop": {
    "criteria": {
      "big_dripleaf": "2024-07-29 07:48:04 +0000"
    },
    "done": true
  },
  "minecraft:recipes/building_blocks/clay": {
    "criteria": {
      "has_clay_ball": "2024-07-29 07:48:12 +0000"
    },
    "done": true
  },
  "minecraft:recipes/misc/brick": {
    "criteria": {
      "has_clay_ball": "2024-07-29 07:48:12 +0000"
    },
    "done": true
  },
  "blazeandcave:building/clay_dough": {
    "criteria": {
      "clay_ball": "2024-07-29 07:48:12 +0000"
    },
    "done": true
  },
  "blazeandcave:monsters/ew_ew_ew": {
    "criteria": {
      "spider": "2024-07-29 07:48:20 +0000"
    },
    "done": true
  },
  "minecraft:recipes/brewing/fermented_spider_eye": {
    "criteria": {
      "has_spider_eye": "2024-07-29 07:48:21 +0000"
    },
    "done": true
  },
  "minecraft:story/deflect_arrow": {
    "criteria": {
      "deflected_skeleton": "2024-07-29 07:50:36 +0000"
    },
    "done": true
  },
  "blazeandcave:monsters/spooky_skeleton": {
    "criteria": {
      "skeleton": "2024-07-29 07:51:25 +0000"
    },
    "done": true
  },
  "travelersbackpack:recipes/misc/skeleton": {
    "criteria": {
      "has_arrow": "2024-07-29 07:51:25 +0000"
    },
    "done": true
  },
  "blazeandcave:mining/a_shiny_treat": {
    "criteria": {
      "glow_berries": "2024-07-29 07:51:47 +0000"
    },
    "done": true
  },
  "incendium:technical/sentrys_wrath": {
    "criteria": {
      "log_spam_fixer": "2024-07-29 08:18:02 +0000"
    },
    "done": false
  },
  "incendium:technical/on_player_hurt": {
    "criteria": {
      "log_spam_fixer": "2024-07-29 08:18:02 +0000"
    },
    "done": false
  },
  "minecraft:story/shiny_gear": {
    "criteria": {
      "diamond_helmet": "2024-07-29 08:10:38 +0000",
      "diamond_chestplate": "2024-07-29 08:10:38 +0000"
    },
    "done": true
  },
  "incendium:technical/on_kill": {
    "criteria": {
      "log_spam_fixer": "2024-07-29 08:18:02 +0000"
    },
    "done": false
  },
  "incendium:technical/on_inventory_change": {
    "criteria": {
      "log_spam_fixer": "2024-07-29 08:18:02 +0000"
    },
    "done": false
  },
  "incendium:technical/holy_wrath": {
    "criteria": {
      "log_spam_fixer": "2024-07-29 08:18:02 +0000"
    },
    "done": false
  },
  "minecraft:husbandry/axolotl_in_a_bucket": {
    "criteria": {
      "axolotl_bucket": "2024-07-29 08:17:19 +0000"
    },
    "done": true
  },
  "blazeandcave:mining/diamond_clad": {
    "criteria": {
      "diamond_armor": "2024-07-29 08:10:39 +0000"
    },
    "done": true
  },
  "incendium:technical/on_block": {
    "criteria": {
      "log_spam_fixer": "2024-07-29 08:18:02 +0000"
    },
    "done": false
  },
  "blazeandcave:animal/axolotl_of_them": {
    "criteria": {
      "leucistic": "2024-07-29 08:17:19 +0000"
    },
    "done": false
  },
  "incendium:technical/inventory/sentrys_wrath": {
    "criteria": {
      "log_spam_fixer": "2024-07-29 08:18:02 +0000"
    },
    "done": false
  },
  "incendium:technical/feed_ghastling": {
    "criteria": {
      "log_spam_fixer": "2024-07-29 08:18:02 +0000"
    },
    "done": false
  },
  "incendium:technical/firestorm": {
    "criteria": {
      "log_spam_fixer": "2024-07-29 08:18:02 +0000"
    },
    "done": false
  },
  "incendium:technical/inventory/firestorm": {
    "criteria": {
      "log_spam_fixer": "2024-07-29 08:18:02 +0000"
    },
    "done": false
  },
  "incendium:technical/give_ghastling": {
    "criteria": {
      "log_spam_fixer": "2024-07-29 08:18:02 +0000"
    },
    "done": false
  },
  "incendium:technical/multiplex_crossbow": {
    "criteria": {
      "log_spam_fixer": "2024-07-29 08:18:02 +0000"
    },
    "done": false
  },
  "blazeandcave:statistics/spring_in_your_step": {
    "criteria": {
      "trigger": "2024-07-29 08:12:35 +0000"
    },
    "done": true
  },
  "DataVersion": 3953
}